-- phpMyAdmin SQL Dump
-- version 5.1.1
-- https://www.phpmyadmin.net/
--
-- Hôte : localhost
-- Généré le : jeu. 16 déc. 2021 à 15:58
-- Version du serveur : 10.4.21-MariaDB
-- Version de PHP : 8.0.11

SET SQL_MODE = "NO_AUTO_VALUE_ON_ZERO";
START TRANSACTION;
SET time_zone = "+00:00";


/*!40101 SET @OLD_CHARACTER_SET_CLIENT=@@CHARACTER_SET_CLIENT */;
/*!40101 SET @OLD_CHARACTER_SET_RESULTS=@@CHARACTER_SET_RESULTS */;
/*!40101 SET @OLD_COLLATION_CONNECTION=@@COLLATION_CONNECTION */;
/*!40101 SET NAMES utf8mb4 */;

--
-- Base de données : `auto_ecole`
--

-- --------------------------------------------------------

--
-- Structure de la table `answer`
--

CREATE TABLE `answer` (
  `id` int(11) NOT NULL,
  `title` text NOT NULL,
  `is_good_answer` tinyint(4) NOT NULL,
  `question_id` int(11) NOT NULL
) ENGINE=InnoDB DEFAULT CHARSET=utf8mb4;

--
-- Déchargement des données de la table `answer`
--

INSERT INTO `answer` (`id`, `title`, `is_good_answer`, `question_id`) VALUES
(1, 'Lorem ipsum dolor sit amet', 0, 1),
(2, 'Lorem ipsum dolor sit amet', 0, 1),
(3, 'Lorem ipsum dolor sit amet', 1, 1),
(4, 'Lorem ipsum dolor sit amet', 0, 1),
(5, 'Lorem ipsum dolor sit amet', 0, 2),
(6, 'Lorem ipsum dolor sit amet', 0, 2),
(7, 'Lorem ipsum dolor sit amet', 1, 2),
(8, 'Lorem ipsum dolor sit amet', 0, 2),
(9, 'Lorem ipsum dolor sit amet', 1, 3),
(10, 'Lorem ipsum dolor sit amet', 0, 3),
(11, 'Lorem ipsum dolor sit amet', 0, 3),
(12, 'Lorem ipsum dolor sit amet', 1, 3),
(13, 'Lorem ipsum dolor sit amet', 0, 4),
(14, 'Lorem ipsum dolor sit amet', 1, 4),
(15, 'Lorem ipsum dolor sit amet', 0, 4),
(16, 'Lorem ipsum dolor sit amet', 1, 4),
(17, 'Lorem ipsum dolor sit amet', 1, 5),
(18, 'Lorem ipsum dolor sit amet', 0, 5),
(19, 'Lorem ipsum dolor sit amet', 1, 5),
(20, 'Lorem ipsum dolor sit amet', 0, 5),
(21, 'Lorem ipsum dolor sit amet', 0, 6),
(22, 'Lorem ipsum dolor sit amet', 0, 6),
(23, 'Lorem ipsum dolor sit amet', 1, 6),
(24, 'Lorem ipsum dolor sit amet', 0, 6),
(25, 'Lorem ipsum dolor sit amet', 1, 7),
(26, 'Lorem ipsum dolor sit amet', 0, 7),
(27, 'Lorem ipsum dolor sit amet', 0, 7),
(28, 'Lorem ipsum dolor sit amet', 0, 7),
(29, 'Lorem ipsum dolor sit amet', 0, 8),
(30, 'Lorem ipsum dolor sit amet', 1, 8),
(31, 'Lorem ipsum dolor sit amet', 0, 8),
(32, 'Lorem ipsum dolor sit amet', 1, 8),
(33, 'Lorem ipsum dolor sit amet', 0, 9),
(34, 'Lorem ipsum dolor sit amet', 0, 9),
(35, 'Lorem ipsum dolor sit amet', 1, 9),
(36, 'Lorem ipsum dolor sit amet', 0, 9),
(37, 'Lorem ipsum dolor sit amet', 1, 10),
(38, 'Lorem ipsum dolor sit amet', 0, 10),
(39, 'Lorem ipsum dolor sit amet', 0, 10),
(40, 'Lorem ipsum dolor sit amet', 0, 10),
(41, 'Lorem ipsum dolor sit amet', 0, 11),
(42, 'Lorem ipsum dolor sit amet', 0, 11),
(43, 'Lorem ipsum dolor sit amet', 0, 11),
(44, 'Lorem ipsum dolor sit amet', 1, 11),
(45, 'Lorem ipsum dolor sit amet', 1, 12),
(46, 'Lorem ipsum dolor sit amet', 0, 12),
(47, 'Lorem ipsum dolor sit amet', 1, 12),
(48, 'Lorem ipsum dolor sit amet', 0, 12),
(49, 'Lorem ipsum dolor sit amet', 1, 13),
(50, 'Lorem ipsum dolor sit amet', 0, 13),
(51, 'Lorem ipsum dolor sit amet', 1, 13),
(52, 'Lorem ipsum dolor sit amet', 0, 13),
(53, 'Lorem ipsum dolor sit amet', 0, 14),
(54, 'Lorem ipsum dolor sit amet', 0, 14),
(55, 'Lorem ipsum dolor sit amet', 0, 14),
(56, 'Lorem ipsum dolor sit amet', 1, 14),
(57, 'Lorem ipsum dolor sit amet', 1, 15),
(58, 'Lorem ipsum dolor sit amet', 0, 15),
(59, 'Lorem ipsum dolor sit amet', 1, 15),
(60, 'Lorem ipsum dolor sit amet', 0, 15),
(61, 'Lorem ipsum dolor sit amet', 1, 16),
(62, 'Lorem ipsum dolor sit amet', 0, 16),
(63, 'Lorem ipsum dolor sit amet', 0, 16),
(64, 'Lorem ipsum dolor sit amet', 1, 16),
(65, 'Lorem ipsum dolor sit amet', 0, 17),
(66, 'Lorem ipsum dolor sit amet', 0, 17),
(67, 'Lorem ipsum dolor sit amet', 0, 17),
(68, 'Lorem ipsum dolor sit amet', 1, 17),
(69, 'Lorem ipsum dolor sit amet', 1, 18),
(70, 'Lorem ipsum dolor sit amet', 0, 18),
(71, 'Lorem ipsum dolor sit amet', 0, 18),
(72, 'Lorem ipsum dolor sit amet', 1, 18),
(73, 'Lorem ipsum dolor sit amet', 0, 19),
(74, 'Lorem ipsum dolor sit amet', 1, 19),
(75, 'Lorem ipsum dolor sit amet', 0, 19),
(76, 'Lorem ipsum dolor sit amet', 0, 19),
(77, 'Lorem ipsum dolor sit amet', 1, 20),
(78, 'Lorem ipsum dolor sit amet', 0, 20),
(79, 'Lorem ipsum dolor sit amet', 0, 20),
(80, 'Lorem ipsum dolor sit amet', 1, 20),
(81, 'Lorem ipsum dolor sit amet', 1, 21),
(82, 'Lorem ipsum dolor sit amet', 0, 21),
(83, 'Lorem ipsum dolor sit amet', 0, 21),
(84, 'Lorem ipsum dolor sit amet', 1, 21),
(85, 'Lorem ipsum dolor sit amet', 0, 22),
(86, 'Lorem ipsum dolor sit amet', 1, 22),
(87, 'Lorem ipsum dolor sit amet', 0, 22),
(88, 'Lorem ipsum dolor sit amet', 0, 22),
(89, 'Lorem ipsum dolor sit amet', 0, 23),
(90, 'Lorem ipsum dolor sit amet', 1, 23),
(91, 'Lorem ipsum dolor sit amet', 0, 23),
(92, 'Lorem ipsum dolor sit amet', 1, 23),
(93, 'Lorem ipsum dolor sit amet', 1, 24),
(94, 'Lorem ipsum dolor sit amet', 0, 24),
(95, 'Lorem ipsum dolor sit amet', 1, 24),
(96, 'Lorem ipsum dolor sit amet', 0, 24),
(97, 'Lorem ipsum dolor sit amet', 1, 25),
(98, 'Lorem ipsum dolor sit amet', 0, 25),
(99, 'Lorem ipsum dolor sit amet', 0, 25),
(100, 'Lorem ipsum dolor sit amet', 0, 25),
(101, 'Lorem ipsum dolor sit amet', 1, 26),
(102, 'Lorem ipsum dolor sit amet', 0, 26),
(103, 'Lorem ipsum dolor sit amet', 0, 26),
(104, 'Lorem ipsum dolor sit amet', 1, 26),
(105, 'Lorem ipsum dolor sit amet', 0, 27),
(106, 'Lorem ipsum dolor sit amet', 0, 27),
(107, 'Lorem ipsum dolor sit amet', 1, 27),
(108, 'Lorem ipsum dolor sit amet', 0, 27),
(109, 'Lorem ipsum dolor sit amet', 1, 28),
(110, 'Lorem ipsum dolor sit amet', 0, 28),
(111, 'Lorem ipsum dolor sit amet', 0, 28),
(112, 'Lorem ipsum dolor sit amet', 1, 28),
(113, 'Lorem ipsum dolor sit amet', 1, 29),
(114, 'Lorem ipsum dolor sit amet', 0, 29),
(115, 'Lorem ipsum dolor sit amet', 1, 29),
(116, 'Lorem ipsum dolor sit amet', 0, 29),
(117, 'Lorem ipsum dolor sit amet', 0, 30),
(118, 'Lorem ipsum dolor sit amet', 1, 30),
(119, 'Lorem ipsum dolor sit amet', 0, 30),
(120, 'Lorem ipsum dolor sit amet', 1, 30),
(121, 'Lorem ipsum dolor sit amet', 0, 31),
(122, 'Lorem ipsum dolor sit amet', 0, 31),
(123, 'Lorem ipsum dolor sit amet', 1, 31),
(124, 'Lorem ipsum dolor sit amet', 0, 31),
(125, 'Lorem ipsum dolor sit amet', 1, 32),
(126, 'Lorem ipsum dolor sit amet', 0, 32),
(127, 'Lorem ipsum dolor sit amet', 0, 32),
(128, 'Lorem ipsum dolor sit amet', 0, 32),
(129, 'Lorem ipsum dolor sit amet', 0, 33),
(130, 'Lorem ipsum dolor sit amet', 0, 33),
(131, 'Lorem ipsum dolor sit amet', 1, 33),
(132, 'Lorem ipsum dolor sit amet', 0, 33),
(133, 'Lorem ipsum dolor sit amet', 1, 34),
(134, 'Lorem ipsum dolor sit amet', 0, 34),
(135, 'Lorem ipsum dolor sit amet', 0, 34),
(136, 'Lorem ipsum dolor sit amet', 1, 34),
(137, 'Lorem ipsum dolor sit amet', 1, 35),
(138, 'Lorem ipsum dolor sit amet', 0, 35),
(139, 'Lorem ipsum dolor sit amet', 1, 35),
(140, 'Lorem ipsum dolor sit amet', 0, 35),
(141, 'Lorem ipsum dolor sit amet', 0, 36),
(142, 'Lorem ipsum dolor sit amet', 1, 36),
(143, 'Lorem ipsum dolor sit amet', 0, 36),
(144, 'Lorem ipsum dolor sit amet', 1, 36),
(145, 'Lorem ipsum dolor sit amet', 0, 37),
(146, 'Lorem ipsum dolor sit amet', 0, 37),
(147, 'Lorem ipsum dolor sit amet', 0, 37),
(148, 'Lorem ipsum dolor sit amet', 0, 37),
(149, 'Lorem ipsum dolor sit amet', 1, 38),
(150, 'Lorem ipsum dolor sit amet', 0, 38),
(151, 'Lorem ipsum dolor sit amet', 1, 38),
(152, 'Lorem ipsum dolor sit amet', 0, 38),
(153, 'Lorem ipsum dolor sit amet', 0, 39),
(154, 'Lorem ipsum dolor sit amet', 0, 39),
(155, 'Lorem ipsum dolor sit amet', 1, 39),
(156, 'Lorem ipsum dolor sit amet', 0, 39),
(157, 'Lorem ipsum dolor sit amet', 1, 40),
(158, 'Lorem ipsum dolor sit amet', 0, 40),
(159, 'Lorem ipsum dolor sit amet', 1, 40),
(160, 'Lorem ipsum dolor sit amet', 0, 40),
(161, 'Lorem ipsum dolor sit amet', 0, 41),
(162, 'Lorem ipsum dolor sit amet', 0, 41),
(163, 'Lorem ipsum dolor sit amet', 1, 41),
(164, 'Lorem ipsum dolor sit amet', 0, 41),
(165, 'Lorem ipsum dolor sit amet', 0, 42),
(166, 'Lorem ipsum dolor sit amet', 1, 42),
(167, 'Lorem ipsum dolor sit amet', 0, 42),
(168, 'Lorem ipsum dolor sit amet', 1, 42),
(169, 'Lorem ipsum dolor sit amet', 1, 43),
(170, 'Lorem ipsum dolor sit amet', 0, 43),
(171, 'Lorem ipsum dolor sit amet', 1, 43),
(172, 'Lorem ipsum dolor sit amet', 0, 43),
(173, 'Lorem ipsum dolor sit amet', 0, 44),
(174, 'Lorem ipsum dolor sit amet', 1, 44),
(175, 'Lorem ipsum dolor sit amet', 0, 44),
(176, 'Lorem ipsum dolor sit amet', 1, 44),
(177, 'Lorem ipsum dolor sit amet', 1, 45),
(178, 'Lorem ipsum dolor sit amet', 0, 45),
(179, 'Lorem ipsum dolor sit amet', 1, 45),
(180, 'Lorem ipsum dolor sit amet', 0, 45),
(181, 'Lorem ipsum dolor sit amet', 1, 46),
(182, 'Lorem ipsum dolor sit amet', 0, 46),
(183, 'Lorem ipsum dolor sit amet', 1, 46),
(184, 'Lorem ipsum dolor sit amet', 0, 46),
(185, 'Lorem ipsum dolor sit amet', 0, 47),
(186, 'Lorem ipsum dolor sit amet', 1, 47),
(187, 'Lorem ipsum dolor sit amet', 0, 47),
(188, 'Lorem ipsum dolor sit amet', 1, 47),
(189, 'Lorem ipsum dolor sit amet', 0, 48),
(190, 'Lorem ipsum dolor sit amet', 1, 48),
(191, 'Lorem ipsum dolor sit amet', 0, 48),
(192, 'Lorem ipsum dolor sit amet', 1, 48),
(193, 'Lorem ipsum dolor sit amet', 1, 49),
(194, 'Lorem ipsum dolor sit amet', 0, 49),
(195, 'Lorem ipsum dolor sit amet', 1, 49),
(196, 'Lorem ipsum dolor sit amet', 0, 49),
(197, 'Lorem ipsum dolor sit amet', 1, 50),
(198, 'Lorem ipsum dolor sit amet', 0, 50),
(199, 'Lorem ipsum dolor sit amet', 1, 50),
(200, 'Lorem ipsum dolor sit amet', 0, 50),
(201, 'Lorem ipsum dolor sit amet', 0, 51),
(202, 'Lorem ipsum dolor sit amet', 0, 51),
(203, 'Lorem ipsum dolor sit amet', 0, 51),
(204, 'Lorem ipsum dolor sit amet', 0, 51),
(205, 'Lorem ipsum dolor sit amet', 0, 52),
(206, 'Lorem ipsum dolor sit amet', 1, 52),
(207, 'Lorem ipsum dolor sit amet', 0, 52),
(208, 'Lorem ipsum dolor sit amet', 0, 52),
(209, 'Lorem ipsum dolor sit amet', 1, 53),
(210, 'Lorem ipsum dolor sit amet', 0, 53),
(211, 'Lorem ipsum dolor sit amet', 1, 53),
(212, 'Lorem ipsum dolor sit amet', 0, 53),
(213, 'Lorem ipsum dolor sit amet', 0, 54),
(214, 'Lorem ipsum dolor sit amet', 0, 54),
(215, 'Lorem ipsum dolor sit amet', 0, 54),
(216, 'Lorem ipsum dolor sit amet', 1, 54),
(217, 'Lorem ipsum dolor sit amet', 1, 55),
(218, 'Lorem ipsum dolor sit amet', 0, 55),
(219, 'Lorem ipsum dolor sit amet', 1, 55),
(220, 'Lorem ipsum dolor sit amet', 0, 55),
(221, 'Lorem ipsum dolor sit amet', 0, 56),
(222, 'Lorem ipsum dolor sit amet', 0, 56),
(223, 'Lorem ipsum dolor sit amet', 1, 56),
(224, 'Lorem ipsum dolor sit amet', 0, 56),
(225, 'Lorem ipsum dolor sit amet', 0, 57),
(226, 'Lorem ipsum dolor sit amet', 1, 57),
(227, 'Lorem ipsum dolor sit amet', 0, 57),
(228, 'Lorem ipsum dolor sit amet', 1, 57),
(229, 'Lorem ipsum dolor sit amet', 1, 58),
(230, 'Lorem ipsum dolor sit amet', 0, 58),
(231, 'Lorem ipsum dolor sit amet', 1, 58),
(232, 'Lorem ipsum dolor sit amet', 0, 58),
(233, 'Lorem ipsum dolor sit amet', 0, 59),
(234, 'Lorem ipsum dolor sit amet', 1, 59),
(235, 'Lorem ipsum dolor sit amet', 0, 59),
(236, 'Lorem ipsum dolor sit amet', 1, 59),
(237, 'Lorem ipsum dolor sit amet', 0, 60),
(238, 'Lorem ipsum dolor sit amet', 1, 60),
(239, 'Lorem ipsum dolor sit amet', 0, 60),
(240, 'Lorem ipsum dolor sit amet', 0, 60),
(241, 'Lorem ipsum dolor sit amet', 0, 61),
(242, 'Lorem ipsum dolor sit amet', 1, 61),
(243, 'Lorem ipsum dolor sit amet', 0, 61),
(244, 'Lorem ipsum dolor sit amet', 1, 61),
(245, 'Lorem ipsum dolor sit amet', 1, 62),
(246, 'Lorem ipsum dolor sit amet', 0, 62),
(247, 'Lorem ipsum dolor sit amet', 1, 62),
(248, 'Lorem ipsum dolor sit amet', 0, 62),
(249, 'Lorem ipsum dolor sit amet', 0, 63),
(250, 'Lorem ipsum dolor sit amet', 0, 63),
(251, 'Lorem ipsum dolor sit amet', 0, 63),
(252, 'Lorem ipsum dolor sit amet', 1, 63),
(253, 'Lorem ipsum dolor sit amet', 0, 64),
(254, 'Lorem ipsum dolor sit amet', 0, 64),
(255, 'Lorem ipsum dolor sit amet', 0, 64),
(256, 'Lorem ipsum dolor sit amet', 0, 64),
(257, 'Lorem ipsum dolor sit amet', 1, 65),
(258, 'Lorem ipsum dolor sit amet', 0, 65),
(259, 'Lorem ipsum dolor sit amet', 0, 65),
(260, 'Lorem ipsum dolor sit amet', 1, 65),
(261, 'Lorem ipsum dolor sit amet', 1, 66),
(262, 'Lorem ipsum dolor sit amet', 0, 66),
(263, 'Lorem ipsum dolor sit amet', 0, 66),
(264, 'Lorem ipsum dolor sit amet', 0, 66),
(265, 'Lorem ipsum dolor sit amet', 0, 67),
(266, 'Lorem ipsum dolor sit amet', 0, 67),
(267, 'Lorem ipsum dolor sit amet', 0, 67),
(268, 'Lorem ipsum dolor sit amet', 0, 67),
(269, 'Lorem ipsum dolor sit amet', 1, 68),
(270, 'Lorem ipsum dolor sit amet', 0, 68),
(271, 'Lorem ipsum dolor sit amet', 0, 68),
(272, 'Lorem ipsum dolor sit amet', 0, 68),
(273, 'Lorem ipsum dolor sit amet', 0, 69),
(274, 'Lorem ipsum dolor sit amet', 1, 69),
(275, 'Lorem ipsum dolor sit amet', 0, 69),
(276, 'Lorem ipsum dolor sit amet', 1, 69),
(277, 'Lorem ipsum dolor sit amet', 0, 70),
(278, 'Lorem ipsum dolor sit amet', 0, 70),
(279, 'Lorem ipsum dolor sit amet', 0, 70),
(280, 'Lorem ipsum dolor sit amet', 1, 70),
(281, 'Lorem ipsum dolor sit amet', 1, 71),
(282, 'Lorem ipsum dolor sit amet', 0, 71),
(283, 'Lorem ipsum dolor sit amet', 0, 71),
(284, 'Lorem ipsum dolor sit amet', 1, 71),
(285, 'Lorem ipsum dolor sit amet', 1, 72),
(286, 'Lorem ipsum dolor sit amet', 0, 72),
(287, 'Lorem ipsum dolor sit amet', 1, 72),
(288, 'Lorem ipsum dolor sit amet', 0, 72),
(289, 'Lorem ipsum dolor sit amet', 1, 73),
(290, 'Lorem ipsum dolor sit amet', 0, 73),
(291, 'Lorem ipsum dolor sit amet', 0, 73),
(292, 'Lorem ipsum dolor sit amet', 1, 73),
(293, 'Lorem ipsum dolor sit amet', 1, 74),
(294, 'Lorem ipsum dolor sit amet', 0, 74),
(295, 'Lorem ipsum dolor sit amet', 1, 74),
(296, 'Lorem ipsum dolor sit amet', 0, 74),
(297, 'Lorem ipsum dolor sit amet', 0, 75),
(298, 'Lorem ipsum dolor sit amet', 0, 75),
(299, 'Lorem ipsum dolor sit amet', 1, 75),
(300, 'Lorem ipsum dolor sit amet', 0, 75),
(301, 'Lorem ipsum dolor sit amet', 1, 76),
(302, 'Lorem ipsum dolor sit amet', 0, 76),
(303, 'Lorem ipsum dolor sit amet', 1, 76),
(304, 'Lorem ipsum dolor sit amet', 0, 76),
(305, 'Lorem ipsum dolor sit amet', 0, 77),
(306, 'Lorem ipsum dolor sit amet', 1, 77),
(307, 'Lorem ipsum dolor sit amet', 0, 77),
(308, 'Lorem ipsum dolor sit amet', 1, 77),
(309, 'Lorem ipsum dolor sit amet', 1, 78),
(310, 'Lorem ipsum dolor sit amet', 0, 78),
(311, 'Lorem ipsum dolor sit amet', 1, 78),
(312, 'Lorem ipsum dolor sit amet', 0, 78),
(313, 'Lorem ipsum dolor sit amet', 0, 79),
(314, 'Lorem ipsum dolor sit amet', 1, 79),
(315, 'Lorem ipsum dolor sit amet', 0, 79),
(316, 'Lorem ipsum dolor sit amet', 1, 79),
(317, 'Lorem ipsum dolor sit amet', 1, 80),
(318, 'Lorem ipsum dolor sit amet', 0, 80),
(319, 'Lorem ipsum dolor sit amet', 1, 80),
(320, 'Lorem ipsum dolor sit amet', 0, 80),
(321, 'Lorem ipsum dolor sit amet', 1, 81),
(322, 'Lorem ipsum dolor sit amet', 0, 81),
(323, 'Lorem ipsum dolor sit amet', 1, 81),
(324, 'Lorem ipsum dolor sit amet', 0, 81),
(325, 'Lorem ipsum dolor sit amet', 0, 82),
(326, 'Lorem ipsum dolor sit amet', 0, 82),
(327, 'Lorem ipsum dolor sit amet', 1, 82),
(328, 'Lorem ipsum dolor sit amet', 0, 82),
(329, 'Lorem ipsum dolor sit amet', 1, 83),
(330, 'Lorem ipsum dolor sit amet', 0, 83),
(331, 'Lorem ipsum dolor sit amet', 0, 83),
(332, 'Lorem ipsum dolor sit amet', 0, 83),
(333, 'Lorem ipsum dolor sit amet', 0, 84),
(334, 'Lorem ipsum dolor sit amet', 1, 84),
(335, 'Lorem ipsum dolor sit amet', 0, 84),
(336, 'Lorem ipsum dolor sit amet', 0, 84),
(337, 'Lorem ipsum dolor sit amet', 1, 85),
(338, 'Lorem ipsum dolor sit amet', 0, 85),
(339, 'Lorem ipsum dolor sit amet', 1, 85),
(340, 'Lorem ipsum dolor sit amet', 0, 85),
(341, 'Lorem ipsum dolor sit amet', 0, 86),
(342, 'Lorem ipsum dolor sit amet', 1, 86),
(343, 'Lorem ipsum dolor sit amet', 0, 86),
(344, 'Lorem ipsum dolor sit amet', 0, 86),
(345, 'Lorem ipsum dolor sit amet', 0, 87),
(346, 'Lorem ipsum dolor sit amet', 0, 87),
(347, 'Lorem ipsum dolor sit amet', 0, 87),
(348, 'Lorem ipsum dolor sit amet', 1, 87),
(349, 'Lorem ipsum dolor sit amet', 1, 88),
(350, 'Lorem ipsum dolor sit amet', 0, 88),
(351, 'Lorem ipsum dolor sit amet', 0, 88),
(352, 'Lorem ipsum dolor sit amet', 1, 88),
(353, 'Lorem ipsum dolor sit amet', 0, 89),
(354, 'Lorem ipsum dolor sit amet', 1, 89),
(355, 'Lorem ipsum dolor sit amet', 0, 89),
(356, 'Lorem ipsum dolor sit amet', 0, 89),
(357, 'Lorem ipsum dolor sit amet', 0, 90),
(358, 'Lorem ipsum dolor sit amet', 0, 90),
(359, 'Lorem ipsum dolor sit amet', 1, 90),
(360, 'Lorem ipsum dolor sit amet', 0, 90),
(361, 'Lorem ipsum dolor sit amet', 1, 91),
(362, 'Lorem ipsum dolor sit amet', 0, 91),
(363, 'Lorem ipsum dolor sit amet', 0, 91),
(364, 'Lorem ipsum dolor sit amet', 0, 91),
(365, 'Lorem ipsum dolor sit amet', 0, 92),
(366, 'Lorem ipsum dolor sit amet', 0, 92),
(367, 'Lorem ipsum dolor sit amet', 0, 92),
(368, 'Lorem ipsum dolor sit amet', 1, 92),
(369, 'Lorem ipsum dolor sit amet', 1, 93),
(370, 'Lorem ipsum dolor sit amet', 0, 93),
(371, 'Lorem ipsum dolor sit amet', 0, 93),
(372, 'Lorem ipsum dolor sit amet', 0, 93),
(373, 'Lorem ipsum dolor sit amet', 0, 94),
(374, 'Lorem ipsum dolor sit amet', 1, 94),
(375, 'Lorem ipsum dolor sit amet', 0, 94),
(376, 'Lorem ipsum dolor sit amet', 0, 94),
(377, 'Lorem ipsum dolor sit amet', 1, 95),
(378, 'Lorem ipsum dolor sit amet', 0, 95),
(379, 'Lorem ipsum dolor sit amet', 1, 95),
(380, 'Lorem ipsum dolor sit amet', 0, 95),
(381, 'Lorem ipsum dolor sit amet', 1, 96),
(382, 'Lorem ipsum dolor sit amet', 0, 96),
(383, 'Lorem ipsum dolor sit amet', 1, 96),
(384, 'Lorem ipsum dolor sit amet', 0, 96),
(385, 'Lorem ipsum dolor sit amet', 0, 97),
(386, 'Lorem ipsum dolor sit amet', 0, 97),
(387, 'Lorem ipsum dolor sit amet', 1, 97),
(388, 'Lorem ipsum dolor sit amet', 0, 97),
(389, 'Lorem ipsum dolor sit amet', 0, 98),
(390, 'Lorem ipsum dolor sit amet', 1, 98),
(391, 'Lorem ipsum dolor sit amet', 0, 98),
(392, 'Lorem ipsum dolor sit amet', 1, 98),
(393, 'Lorem ipsum dolor sit amet', 0, 99),
(394, 'Lorem ipsum dolor sit amet', 1, 99),
(395, 'Lorem ipsum dolor sit amet', 0, 99),
(396, 'Lorem ipsum dolor sit amet', 1, 99),
(397, 'Lorem ipsum dolor sit amet', 0, 100),
(398, 'Lorem ipsum dolor sit amet', 1, 100),
(399, 'Lorem ipsum dolor sit amet', 0, 100),
(400, 'Lorem ipsum dolor sit amet', 1, 100),
(401, 'Lorem ipsum dolor sit amet', 0, 101),
(402, 'Lorem ipsum dolor sit amet', 1, 101),
(403, 'Lorem ipsum dolor sit amet', 0, 101),
(404, 'Lorem ipsum dolor sit amet', 1, 101),
(405, 'Lorem ipsum dolor sit amet', 1, 102),
(406, 'Lorem ipsum dolor sit amet', 0, 102),
(407, 'Lorem ipsum dolor sit amet', 1, 102),
(408, 'Lorem ipsum dolor sit amet', 0, 102),
(409, 'Lorem ipsum dolor sit amet', 0, 103),
(410, 'Lorem ipsum dolor sit amet', 0, 103),
(411, 'Lorem ipsum dolor sit amet', 0, 103),
(412, 'Lorem ipsum dolor sit amet', 1, 103),
(413, 'Lorem ipsum dolor sit amet', 0, 104),
(414, 'Lorem ipsum dolor sit amet', 1, 104),
(415, 'Lorem ipsum dolor sit amet', 0, 104),
(416, 'Lorem ipsum dolor sit amet', 0, 104),
(417, 'Lorem ipsum dolor sit amet', 0, 105),
(418, 'Lorem ipsum dolor sit amet', 1, 105),
(419, 'Lorem ipsum dolor sit amet', 0, 105),
(420, 'Lorem ipsum dolor sit amet', 1, 105),
(421, 'Lorem ipsum dolor sit amet', 1, 106),
(422, 'Lorem ipsum dolor sit amet', 0, 106),
(423, 'Lorem ipsum dolor sit amet', 1, 106),
(424, 'Lorem ipsum dolor sit amet', 0, 106),
(425, 'Lorem ipsum dolor sit amet', 0, 107),
(426, 'Lorem ipsum dolor sit amet', 1, 107),
(427, 'Lorem ipsum dolor sit amet', 0, 107),
(428, 'Lorem ipsum dolor sit amet', 1, 107),
(429, 'Lorem ipsum dolor sit amet', 1, 108),
(430, 'Lorem ipsum dolor sit amet', 0, 108),
(431, 'Lorem ipsum dolor sit amet', 1, 108),
(432, 'Lorem ipsum dolor sit amet', 0, 108),
(433, 'Lorem ipsum dolor sit amet', 0, 109),
(434, 'Lorem ipsum dolor sit amet', 1, 109),
(435, 'Lorem ipsum dolor sit amet', 0, 109),
(436, 'Lorem ipsum dolor sit amet', 0, 109),
(437, 'Lorem ipsum dolor sit amet', 0, 110),
(438, 'Lorem ipsum dolor sit amet', 1, 110),
(439, 'Lorem ipsum dolor sit amet', 0, 110),
(440, 'Lorem ipsum dolor sit amet', 1, 110),
(441, 'Lorem ipsum dolor sit amet', 1, 111),
(442, 'Lorem ipsum dolor sit amet', 0, 111),
(443, 'Lorem ipsum dolor sit amet', 0, 111),
(444, 'Lorem ipsum dolor sit amet', 1, 111),
(445, 'Lorem ipsum dolor sit amet', 1, 112),
(446, 'Lorem ipsum dolor sit amet', 0, 112),
(447, 'Lorem ipsum dolor sit amet', 0, 112),
(448, 'Lorem ipsum dolor sit amet', 1, 112),
(449, 'Lorem ipsum dolor sit amet', 0, 113),
(450, 'Lorem ipsum dolor sit amet', 1, 113),
(451, 'Lorem ipsum dolor sit amet', 0, 113),
(452, 'Lorem ipsum dolor sit amet', 1, 113),
(453, 'Lorem ipsum dolor sit amet', 0, 114),
(454, 'Lorem ipsum dolor sit amet', 0, 114),
(455, 'Lorem ipsum dolor sit amet', 0, 114),
(456, 'Lorem ipsum dolor sit amet', 0, 114),
(457, 'Lorem ipsum dolor sit amet', 0, 115),
(458, 'Lorem ipsum dolor sit amet', 0, 115),
(459, 'Lorem ipsum dolor sit amet', 0, 115),
(460, 'Lorem ipsum dolor sit amet', 1, 115),
(461, 'Lorem ipsum dolor sit amet', 1, 116),
(462, 'Lorem ipsum dolor sit amet', 0, 116),
(463, 'Lorem ipsum dolor sit amet', 1, 116),
(464, 'Lorem ipsum dolor sit amet', 0, 116),
(465, 'Lorem ipsum dolor sit amet', 1, 117),
(466, 'Lorem ipsum dolor sit amet', 0, 117),
(467, 'Lorem ipsum dolor sit amet', 0, 117),
(468, 'Lorem ipsum dolor sit amet', 1, 117),
(469, 'Lorem ipsum dolor sit amet', 0, 118),
(470, 'Lorem ipsum dolor sit amet', 0, 118),
(471, 'Lorem ipsum dolor sit amet', 0, 118),
(472, 'Lorem ipsum dolor sit amet', 0, 118),
(473, 'Lorem ipsum dolor sit amet', 1, 119),
(474, 'Lorem ipsum dolor sit amet', 0, 119),
(475, 'Lorem ipsum dolor sit amet', 0, 119),
(476, 'Lorem ipsum dolor sit amet', 1, 119),
(477, 'Lorem ipsum dolor sit amet', 1, 120),
(478, 'Lorem ipsum dolor sit amet', 0, 120),
(479, 'Lorem ipsum dolor sit amet', 1, 120),
(480, 'Lorem ipsum dolor sit amet', 0, 120),
(481, 'Lorem ipsum dolor sit amet', 0, 121),
(482, 'Lorem ipsum dolor sit amet', 1, 121),
(483, 'Lorem ipsum dolor sit amet', 0, 121),
(484, 'Lorem ipsum dolor sit amet', 1, 121),
(485, 'Lorem ipsum dolor sit amet', 1, 122),
(486, 'Lorem ipsum dolor sit amet', 0, 122),
(487, 'Lorem ipsum dolor sit amet', 0, 122),
(488, 'Lorem ipsum dolor sit amet', 0, 122),
(489, 'Lorem ipsum dolor sit amet', 1, 123),
(490, 'Lorem ipsum dolor sit amet', 0, 123),
(491, 'Lorem ipsum dolor sit amet', 1, 123),
(492, 'Lorem ipsum dolor sit amet', 0, 123),
(493, 'Lorem ipsum dolor sit amet', 0, 124),
(494, 'Lorem ipsum dolor sit amet', 1, 124),
(495, 'Lorem ipsum dolor sit amet', 0, 124),
(496, 'Lorem ipsum dolor sit amet', 0, 124),
(497, 'Lorem ipsum dolor sit amet', 0, 125),
(498, 'Lorem ipsum dolor sit amet', 0, 125),
(499, 'Lorem ipsum dolor sit amet', 0, 125),
(500, 'Lorem ipsum dolor sit amet', 0, 125),
(501, 'Lorem ipsum dolor sit amet', 1, 126),
(502, 'Lorem ipsum dolor sit amet', 0, 126),
(503, 'Lorem ipsum dolor sit amet', 0, 126),
(504, 'Lorem ipsum dolor sit amet', 0, 126),
(505, 'Lorem ipsum dolor sit amet', 0, 127),
(506, 'Lorem ipsum dolor sit amet', 1, 127),
(507, 'Lorem ipsum dolor sit amet', 0, 127),
(508, 'Lorem ipsum dolor sit amet', 0, 127),
(509, 'Lorem ipsum dolor sit amet', 0, 128),
(510, 'Lorem ipsum dolor sit amet', 1, 128),
(511, 'Lorem ipsum dolor sit amet', 0, 128),
(512, 'Lorem ipsum dolor sit amet', 1, 128),
(513, 'Lorem ipsum dolor sit amet', 0, 129),
(514, 'Lorem ipsum dolor sit amet', 1, 129),
(515, 'Lorem ipsum dolor sit amet', 0, 129),
(516, 'Lorem ipsum dolor sit amet', 1, 129),
(517, 'Lorem ipsum dolor sit amet', 0, 130),
(518, 'Lorem ipsum dolor sit amet', 0, 130),
(519, 'Lorem ipsum dolor sit amet', 1, 130),
(520, 'Lorem ipsum dolor sit amet', 0, 130),
(521, 'Lorem ipsum dolor sit amet', 1, 131),
(522, 'Lorem ipsum dolor sit amet', 0, 131),
(523, 'Lorem ipsum dolor sit amet', 0, 131),
(524, 'Lorem ipsum dolor sit amet', 1, 131),
(525, 'Lorem ipsum dolor sit amet', 1, 132),
(526, 'Lorem ipsum dolor sit amet', 0, 132),
(527, 'Lorem ipsum dolor sit amet', 1, 132),
(528, 'Lorem ipsum dolor sit amet', 0, 132),
(529, 'Lorem ipsum dolor sit amet', 0, 133),
(530, 'Lorem ipsum dolor sit amet', 0, 133),
(531, 'Lorem ipsum dolor sit amet', 1, 133),
(532, 'Lorem ipsum dolor sit amet', 0, 133),
(533, 'Lorem ipsum dolor sit amet', 1, 134),
(534, 'Lorem ipsum dolor sit amet', 0, 134),
(535, 'Lorem ipsum dolor sit amet', 0, 134),
(536, 'Lorem ipsum dolor sit amet', 0, 134),
(537, 'Lorem ipsum dolor sit amet', 0, 135),
(538, 'Lorem ipsum dolor sit amet', 0, 135),
(539, 'Lorem ipsum dolor sit amet', 1, 135),
(540, 'Lorem ipsum dolor sit amet', 0, 135),
(541, 'Lorem ipsum dolor sit amet', 0, 136),
(542, 'Lorem ipsum dolor sit amet', 1, 136),
(543, 'Lorem ipsum dolor sit amet', 0, 136),
(544, 'Lorem ipsum dolor sit amet', 0, 136),
(545, 'Lorem ipsum dolor sit amet', 0, 137),
(546, 'Lorem ipsum dolor sit amet', 1, 137),
(547, 'Lorem ipsum dolor sit amet', 0, 137),
(548, 'Lorem ipsum dolor sit amet', 0, 137),
(549, 'Lorem ipsum dolor sit amet', 0, 138),
(550, 'Lorem ipsum dolor sit amet', 0, 138),
(551, 'Lorem ipsum dolor sit amet', 0, 138),
(552, 'Lorem ipsum dolor sit amet', 1, 138),
(553, 'Lorem ipsum dolor sit amet', 1, 139),
(554, 'Lorem ipsum dolor sit amet', 0, 139),
(555, 'Lorem ipsum dolor sit amet', 0, 139),
(556, 'Lorem ipsum dolor sit amet', 0, 139),
(557, 'Lorem ipsum dolor sit amet', 0, 140),
(558, 'Lorem ipsum dolor sit amet', 0, 140),
(559, 'Lorem ipsum dolor sit amet', 1, 140),
(560, 'Lorem ipsum dolor sit amet', 0, 140),
(561, 'Lorem ipsum dolor sit amet', 1, 141),
(562, 'Lorem ipsum dolor sit amet', 0, 141),
(563, 'Lorem ipsum dolor sit amet', 1, 141),
(564, 'Lorem ipsum dolor sit amet', 0, 141),
(565, 'Lorem ipsum dolor sit amet', 1, 142),
(566, 'Lorem ipsum dolor sit amet', 0, 142),
(567, 'Lorem ipsum dolor sit amet', 0, 142),
(568, 'Lorem ipsum dolor sit amet', 0, 142),
(569, 'Lorem ipsum dolor sit amet', 1, 143),
(570, 'Lorem ipsum dolor sit amet', 0, 143),
(571, 'Lorem ipsum dolor sit amet', 1, 143),
(572, 'Lorem ipsum dolor sit amet', 0, 143),
(573, 'Lorem ipsum dolor sit amet', 0, 144),
(574, 'Lorem ipsum dolor sit amet', 0, 144),
(575, 'Lorem ipsum dolor sit amet', 0, 144),
(576, 'Lorem ipsum dolor sit amet', 0, 144),
(577, 'Lorem ipsum dolor sit amet', 0, 145),
(578, 'Lorem ipsum dolor sit amet', 1, 145),
(579, 'Lorem ipsum dolor sit amet', 0, 145),
(580, 'Lorem ipsum dolor sit amet', 1, 145),
(581, 'Lorem ipsum dolor sit amet', 0, 146),
(582, 'Lorem ipsum dolor sit amet', 0, 146),
(583, 'Lorem ipsum dolor sit amet', 0, 146),
(584, 'Lorem ipsum dolor sit amet', 1, 146),
(585, 'Lorem ipsum dolor sit amet', 0, 147),
(586, 'Lorem ipsum dolor sit amet', 1, 147),
(587, 'Lorem ipsum dolor sit amet', 0, 147),
(588, 'Lorem ipsum dolor sit amet', 0, 147),
(589, 'Lorem ipsum dolor sit amet', 0, 148),
(590, 'Lorem ipsum dolor sit amet', 1, 148),
(591, 'Lorem ipsum dolor sit amet', 0, 148),
(592, 'Lorem ipsum dolor sit amet', 1, 148),
(593, 'Lorem ipsum dolor sit amet', 0, 149),
(594, 'Lorem ipsum dolor sit amet', 0, 149),
(595, 'Lorem ipsum dolor sit amet', 0, 149),
(596, 'Lorem ipsum dolor sit amet', 1, 149),
(597, 'Lorem ipsum dolor sit amet', 1, 150),
(598, 'Lorem ipsum dolor sit amet', 0, 150),
(599, 'Lorem ipsum dolor sit amet', 1, 150),
(600, 'Lorem ipsum dolor sit amet', 0, 150),
(601, 'Lorem ipsum dolor sit amet', 0, 151),
(602, 'Lorem ipsum dolor sit amet', 0, 151),
(603, 'Lorem ipsum dolor sit amet', 0, 151),
(604, 'Lorem ipsum dolor sit amet', 0, 151),
(605, 'Lorem ipsum dolor sit amet', 0, 152),
(606, 'Lorem ipsum dolor sit amet', 1, 152),
(607, 'Lorem ipsum dolor sit amet', 0, 152),
(608, 'Lorem ipsum dolor sit amet', 0, 152),
(609, 'Lorem ipsum dolor sit amet', 1, 153),
(610, 'Lorem ipsum dolor sit amet', 0, 153),
(611, 'Lorem ipsum dolor sit amet', 1, 153),
(612, 'Lorem ipsum dolor sit amet', 0, 153),
(613, 'Lorem ipsum dolor sit amet', 0, 154),
(614, 'Lorem ipsum dolor sit amet', 1, 154),
(615, 'Lorem ipsum dolor sit amet', 0, 154),
(616, 'Lorem ipsum dolor sit amet', 0, 154),
(617, 'Lorem ipsum dolor sit amet', 0, 155),
(618, 'Lorem ipsum dolor sit amet', 1, 155),
(619, 'Lorem ipsum dolor sit amet', 0, 155),
(620, 'Lorem ipsum dolor sit amet', 0, 155),
(621, 'Lorem ipsum dolor sit amet', 1, 156),
(622, 'Lorem ipsum dolor sit amet', 0, 156),
(623, 'Lorem ipsum dolor sit amet', 1, 156),
(624, 'Lorem ipsum dolor sit amet', 0, 156),
(625, 'Lorem ipsum dolor sit amet', 0, 157),
(626, 'Lorem ipsum dolor sit amet', 0, 157),
(627, 'Lorem ipsum dolor sit amet', 1, 157),
(628, 'Lorem ipsum dolor sit amet', 0, 157),
(629, 'Lorem ipsum dolor sit amet', 0, 158),
(630, 'Lorem ipsum dolor sit amet', 0, 158),
(631, 'Lorem ipsum dolor sit amet', 1, 158),
(632, 'Lorem ipsum dolor sit amet', 0, 158),
(633, 'Lorem ipsum dolor sit amet', 1, 159),
(634, 'Lorem ipsum dolor sit amet', 0, 159),
(635, 'Lorem ipsum dolor sit amet', 1, 159),
(636, 'Lorem ipsum dolor sit amet', 0, 159),
(637, 'Lorem ipsum dolor sit amet', 1, 160),
(638, 'Lorem ipsum dolor sit amet', 0, 160),
(639, 'Lorem ipsum dolor sit amet', 1, 160),
(640, 'Lorem ipsum dolor sit amet', 0, 160),
(641, 'Lorem ipsum dolor sit amet', 1, 161),
(642, 'Lorem ipsum dolor sit amet', 0, 161),
(643, 'Lorem ipsum dolor sit amet', 0, 161),
(644, 'Lorem ipsum dolor sit amet', 1, 161),
(645, 'Lorem ipsum dolor sit amet', 0, 162),
(646, 'Lorem ipsum dolor sit amet', 1, 162),
(647, 'Lorem ipsum dolor sit amet', 0, 162),
(648, 'Lorem ipsum dolor sit amet', 0, 162),
(649, 'Lorem ipsum dolor sit amet', 0, 163),
(650, 'Lorem ipsum dolor sit amet', 0, 163),
(651, 'Lorem ipsum dolor sit amet', 1, 163),
(652, 'Lorem ipsum dolor sit amet', 0, 163),
(653, 'Lorem ipsum dolor sit amet', 1, 164),
(654, 'Lorem ipsum dolor sit amet', 0, 164),
(655, 'Lorem ipsum dolor sit amet', 0, 164),
(656, 'Lorem ipsum dolor sit amet', 0, 164),
(657, 'Lorem ipsum dolor sit amet', 1, 165),
(658, 'Lorem ipsum dolor sit amet', 0, 165),
(659, 'Lorem ipsum dolor sit amet', 1, 165),
(660, 'Lorem ipsum dolor sit amet', 0, 165),
(661, 'Lorem ipsum dolor sit amet', 1, 166),
(662, 'Lorem ipsum dolor sit amet', 0, 166),
(663, 'Lorem ipsum dolor sit amet', 0, 166),
(664, 'Lorem ipsum dolor sit amet', 1, 166),
(665, 'Lorem ipsum dolor sit amet', 0, 167),
(666, 'Lorem ipsum dolor sit amet', 0, 167),
(667, 'Lorem ipsum dolor sit amet', 1, 167),
(668, 'Lorem ipsum dolor sit amet', 0, 167),
(669, 'Lorem ipsum dolor sit amet', 1, 168),
(670, 'Lorem ipsum dolor sit amet', 0, 168),
(671, 'Lorem ipsum dolor sit amet', 0, 168),
(672, 'Lorem ipsum dolor sit amet', 1, 168),
(673, 'Lorem ipsum dolor sit amet', 1, 169),
(674, 'Lorem ipsum dolor sit amet', 0, 169),
(675, 'Lorem ipsum dolor sit amet', 1, 169),
(676, 'Lorem ipsum dolor sit amet', 0, 169),
(677, 'Lorem ipsum dolor sit amet', 1, 170),
(678, 'Lorem ipsum dolor sit amet', 0, 170),
(679, 'Lorem ipsum dolor sit amet', 0, 170),
(680, 'Lorem ipsum dolor sit amet', 0, 170),
(681, 'Lorem ipsum dolor sit amet', 0, 171),
(682, 'Lorem ipsum dolor sit amet', 0, 171),
(683, 'Lorem ipsum dolor sit amet', 1, 171),
(684, 'Lorem ipsum dolor sit amet', 0, 171),
(685, 'Lorem ipsum dolor sit amet', 0, 172),
(686, 'Lorem ipsum dolor sit amet', 1, 172),
(687, 'Lorem ipsum dolor sit amet', 0, 172),
(688, 'Lorem ipsum dolor sit amet', 1, 172),
(689, 'Lorem ipsum dolor sit amet', 1, 173),
(690, 'Lorem ipsum dolor sit amet', 0, 173),
(691, 'Lorem ipsum dolor sit amet', 1, 173),
(692, 'Lorem ipsum dolor sit amet', 0, 173),
(693, 'Lorem ipsum dolor sit amet', 0, 174),
(694, 'Lorem ipsum dolor sit amet', 0, 174),
(695, 'Lorem ipsum dolor sit amet', 1, 174),
(696, 'Lorem ipsum dolor sit amet', 0, 174),
(697, 'Lorem ipsum dolor sit amet', 0, 175),
(698, 'Lorem ipsum dolor sit amet', 1, 175),
(699, 'Lorem ipsum dolor sit amet', 0, 175),
(700, 'Lorem ipsum dolor sit amet', 1, 175),
(701, 'Lorem ipsum dolor sit amet', 1, 176),
(702, 'Lorem ipsum dolor sit amet', 0, 176),
(703, 'Lorem ipsum dolor sit amet', 1, 176),
(704, 'Lorem ipsum dolor sit amet', 0, 176),
(705, 'Lorem ipsum dolor sit amet', 1, 177),
(706, 'Lorem ipsum dolor sit amet', 0, 177),
(707, 'Lorem ipsum dolor sit amet', 1, 177),
(708, 'Lorem ipsum dolor sit amet', 0, 177),
(709, 'Lorem ipsum dolor sit amet', 1, 178),
(710, 'Lorem ipsum dolor sit amet', 0, 178),
(711, 'Lorem ipsum dolor sit amet', 1, 178),
(712, 'Lorem ipsum dolor sit amet', 0, 178),
(713, 'Lorem ipsum dolor sit amet', 0, 179),
(714, 'Lorem ipsum dolor sit amet', 1, 179),
(715, 'Lorem ipsum dolor sit amet', 0, 179),
(716, 'Lorem ipsum dolor sit amet', 0, 179),
(717, 'Lorem ipsum dolor sit amet', 0, 180),
(718, 'Lorem ipsum dolor sit amet', 1, 180),
(719, 'Lorem ipsum dolor sit amet', 0, 180),
(720, 'Lorem ipsum dolor sit amet', 1, 180),
(721, 'Lorem ipsum dolor sit amet', 1, 181),
(722, 'Lorem ipsum dolor sit amet', 0, 181),
(723, 'Lorem ipsum dolor sit amet', 1, 181),
(724, 'Lorem ipsum dolor sit amet', 0, 181),
(725, 'Lorem ipsum dolor sit amet', 1, 182),
(726, 'Lorem ipsum dolor sit amet', 0, 182),
(727, 'Lorem ipsum dolor sit amet', 0, 182),
(728, 'Lorem ipsum dolor sit amet', 0, 182),
(729, 'Lorem ipsum dolor sit amet', 1, 183),
(730, 'Lorem ipsum dolor sit amet', 0, 183),
(731, 'Lorem ipsum dolor sit amet', 0, 183),
(732, 'Lorem ipsum dolor sit amet', 0, 183),
(733, 'Lorem ipsum dolor sit amet', 0, 184),
(734, 'Lorem ipsum dolor sit amet', 0, 184),
(735, 'Lorem ipsum dolor sit amet', 0, 184),
(736, 'Lorem ipsum dolor sit amet', 0, 184),
(737, 'Lorem ipsum dolor sit amet', 0, 185),
(738, 'Lorem ipsum dolor sit amet', 0, 185),
(739, 'Lorem ipsum dolor sit amet', 0, 185),
(740, 'Lorem ipsum dolor sit amet', 1, 185),
(741, 'Lorem ipsum dolor sit amet', 1, 186),
(742, 'Lorem ipsum dolor sit amet', 0, 186),
(743, 'Lorem ipsum dolor sit amet', 1, 186),
(744, 'Lorem ipsum dolor sit amet', 0, 186),
(745, 'Lorem ipsum dolor sit amet', 1, 187),
(746, 'Lorem ipsum dolor sit amet', 0, 187),
(747, 'Lorem ipsum dolor sit amet', 1, 187),
(748, 'Lorem ipsum dolor sit amet', 0, 187),
(749, 'Lorem ipsum dolor sit amet', 1, 188),
(750, 'Lorem ipsum dolor sit amet', 0, 188),
(751, 'Lorem ipsum dolor sit amet', 1, 188),
(752, 'Lorem ipsum dolor sit amet', 0, 188),
(753, 'Lorem ipsum dolor sit amet', 1, 189),
(754, 'Lorem ipsum dolor sit amet', 0, 189),
(755, 'Lorem ipsum dolor sit amet', 1, 189),
(756, 'Lorem ipsum dolor sit amet', 0, 189),
(757, 'Lorem ipsum dolor sit amet', 0, 190),
(758, 'Lorem ipsum dolor sit amet', 1, 190),
(759, 'Lorem ipsum dolor sit amet', 0, 190),
(760, 'Lorem ipsum dolor sit amet', 1, 190),
(761, 'Lorem ipsum dolor sit amet', 1, 191),
(762, 'Lorem ipsum dolor sit amet', 0, 191),
(763, 'Lorem ipsum dolor sit amet', 1, 191),
(764, 'Lorem ipsum dolor sit amet', 0, 191),
(765, 'Lorem ipsum dolor sit amet', 0, 192),
(766, 'Lorem ipsum dolor sit amet', 0, 192),
(767, 'Lorem ipsum dolor sit amet', 1, 192),
(768, 'Lorem ipsum dolor sit amet', 0, 192),
(769, 'Lorem ipsum dolor sit amet', 0, 193),
(770, 'Lorem ipsum dolor sit amet', 0, 193),
(771, 'Lorem ipsum dolor sit amet', 0, 193),
(772, 'Lorem ipsum dolor sit amet', 1, 193),
(773, 'Lorem ipsum dolor sit amet', 0, 194),
(774, 'Lorem ipsum dolor sit amet', 1, 194),
(775, 'Lorem ipsum dolor sit amet', 0, 194),
(776, 'Lorem ipsum dolor sit amet', 1, 194),
(777, 'Lorem ipsum dolor sit amet', 1, 195),
(778, 'Lorem ipsum dolor sit amet', 0, 195),
(779, 'Lorem ipsum dolor sit amet', 1, 195),
(780, 'Lorem ipsum dolor sit amet', 0, 195),
(781, 'Lorem ipsum dolor sit amet', 1, 196),
(782, 'Lorem ipsum dolor sit amet', 0, 196),
(783, 'Lorem ipsum dolor sit amet', 1, 196),
(784, 'Lorem ipsum dolor sit amet', 0, 196),
(785, 'Lorem ipsum dolor sit amet', 0, 197),
(786, 'Lorem ipsum dolor sit amet', 0, 197),
(787, 'Lorem ipsum dolor sit amet', 1, 197),
(788, 'Lorem ipsum dolor sit amet', 0, 197),
(789, 'Lorem ipsum dolor sit amet', 0, 198),
(790, 'Lorem ipsum dolor sit amet', 0, 198),
(791, 'Lorem ipsum dolor sit amet', 1, 198),
(792, 'Lorem ipsum dolor sit amet', 0, 198),
(793, 'Lorem ipsum dolor sit amet', 0, 199),
(794, 'Lorem ipsum dolor sit amet', 1, 199),
(795, 'Lorem ipsum dolor sit amet', 0, 199),
(796, 'Lorem ipsum dolor sit amet', 1, 199),
(797, 'Lorem ipsum dolor sit amet', 1, 200),
(798, 'Lorem ipsum dolor sit amet', 0, 200),
(799, 'Lorem ipsum dolor sit amet', 0, 200),
(800, 'Lorem ipsum dolor sit amet', 1, 200),
(801, 'Lorem ipsum dolor sit amet', 0, 201),
(802, 'Lorem ipsum dolor sit amet', 1, 201),
(803, 'Lorem ipsum dolor sit amet', 0, 201),
(804, 'Lorem ipsum dolor sit amet', 1, 201),
(805, 'Lorem ipsum dolor sit amet', 0, 202),
(806, 'Lorem ipsum dolor sit amet', 0, 202),
(807, 'Lorem ipsum dolor sit amet', 0, 202),
(808, 'Lorem ipsum dolor sit amet', 0, 202),
(809, 'Lorem ipsum dolor sit amet', 0, 203),
(810, 'Lorem ipsum dolor sit amet', 0, 203),
(811, 'Lorem ipsum dolor sit amet', 0, 203),
(812, 'Lorem ipsum dolor sit amet', 0, 203),
(813, 'Lorem ipsum dolor sit amet', 0, 204),
(814, 'Lorem ipsum dolor sit amet', 1, 204),
(815, 'Lorem ipsum dolor sit amet', 0, 204),
(816, 'Lorem ipsum dolor sit amet', 1, 204),
(817, 'Lorem ipsum dolor sit amet', 1, 205),
(818, 'Lorem ipsum dolor sit amet', 0, 205),
(819, 'Lorem ipsum dolor sit amet', 1, 205),
(820, 'Lorem ipsum dolor sit amet', 0, 205),
(821, 'Lorem ipsum dolor sit amet', 1, 206),
(822, 'Lorem ipsum dolor sit amet', 0, 206),
(823, 'Lorem ipsum dolor sit amet', 1, 206),
(824, 'Lorem ipsum dolor sit amet', 0, 206),
(825, 'Lorem ipsum dolor sit amet', 1, 207),
(826, 'Lorem ipsum dolor sit amet', 0, 207),
(827, 'Lorem ipsum dolor sit amet', 1, 207),
(828, 'Lorem ipsum dolor sit amet', 0, 207),
(829, 'Lorem ipsum dolor sit amet', 0, 208),
(830, 'Lorem ipsum dolor sit amet', 1, 208),
(831, 'Lorem ipsum dolor sit amet', 0, 208),
(832, 'Lorem ipsum dolor sit amet', 1, 208),
(833, 'Lorem ipsum dolor sit amet', 1, 209),
(834, 'Lorem ipsum dolor sit amet', 0, 209),
(835, 'Lorem ipsum dolor sit amet', 0, 209),
(836, 'Lorem ipsum dolor sit amet', 1, 209),
(837, 'Lorem ipsum dolor sit amet', 0, 210),
(838, 'Lorem ipsum dolor sit amet', 0, 210),
(839, 'Lorem ipsum dolor sit amet', 1, 210),
(840, 'Lorem ipsum dolor sit amet', 0, 210),
(841, 'Lorem ipsum dolor sit amet', 1, 211),
(842, 'Lorem ipsum dolor sit amet', 0, 211),
(843, 'Lorem ipsum dolor sit amet', 1, 211),
(844, 'Lorem ipsum dolor sit amet', 0, 211),
(845, 'Lorem ipsum dolor sit amet', 0, 212),
(846, 'Lorem ipsum dolor sit amet', 1, 212),
(847, 'Lorem ipsum dolor sit amet', 0, 212),
(848, 'Lorem ipsum dolor sit amet', 1, 212),
(849, 'Lorem ipsum dolor sit amet', 0, 213),
(850, 'Lorem ipsum dolor sit amet', 1, 213),
(851, 'Lorem ipsum dolor sit amet', 0, 213),
(852, 'Lorem ipsum dolor sit amet', 1, 213),
(853, 'Lorem ipsum dolor sit amet', 1, 214),
(854, 'Lorem ipsum dolor sit amet', 0, 214),
(855, 'Lorem ipsum dolor sit amet', 0, 214),
(856, 'Lorem ipsum dolor sit amet', 1, 214),
(857, 'Lorem ipsum dolor sit amet', 1, 215),
(858, 'Lorem ipsum dolor sit amet', 0, 215),
(859, 'Lorem ipsum dolor sit amet', 1, 215),
(860, 'Lorem ipsum dolor sit amet', 0, 215),
(861, 'Lorem ipsum dolor sit amet', 1, 216),
(862, 'Lorem ipsum dolor sit amet', 0, 216),
(863, 'Lorem ipsum dolor sit amet', 0, 216),
(864, 'Lorem ipsum dolor sit amet', 0, 216),
(865, 'Lorem ipsum dolor sit amet', 1, 217),
(866, 'Lorem ipsum dolor sit amet', 0, 217),
(867, 'Lorem ipsum dolor sit amet', 0, 217),
(868, 'Lorem ipsum dolor sit amet', 1, 217),
(869, 'Lorem ipsum dolor sit amet', 0, 218),
(870, 'Lorem ipsum dolor sit amet', 1, 218),
(871, 'Lorem ipsum dolor sit amet', 0, 218),
(872, 'Lorem ipsum dolor sit amet', 1, 218),
(873, 'Lorem ipsum dolor sit amet', 1, 219),
(874, 'Lorem ipsum dolor sit amet', 0, 219),
(875, 'Lorem ipsum dolor sit amet', 0, 219),
(876, 'Lorem ipsum dolor sit amet', 1, 219),
(877, 'Lorem ipsum dolor sit amet', 1, 220),
(878, 'Lorem ipsum dolor sit amet', 0, 220),
(879, 'Lorem ipsum dolor sit amet', 0, 220),
(880, 'Lorem ipsum dolor sit amet', 1, 220),
(881, 'Lorem ipsum dolor sit amet', 1, 221),
(882, 'Lorem ipsum dolor sit amet', 0, 221),
(883, 'Lorem ipsum dolor sit amet', 1, 221),
(884, 'Lorem ipsum dolor sit amet', 0, 221),
(885, 'Lorem ipsum dolor sit amet', 1, 222),
(886, 'Lorem ipsum dolor sit amet', 0, 222),
(887, 'Lorem ipsum dolor sit amet', 1, 222),
(888, 'Lorem ipsum dolor sit amet', 0, 222),
(889, 'Lorem ipsum dolor sit amet', 1, 223),
(890, 'Lorem ipsum dolor sit amet', 0, 223),
(891, 'Lorem ipsum dolor sit amet', 1, 223),
(892, 'Lorem ipsum dolor sit amet', 0, 223),
(893, 'Lorem ipsum dolor sit amet', 1, 224),
(894, 'Lorem ipsum dolor sit amet', 0, 224),
(895, 'Lorem ipsum dolor sit amet', 0, 224),
(896, 'Lorem ipsum dolor sit amet', 0, 224),
(897, 'Lorem ipsum dolor sit amet', 0, 225),
(898, 'Lorem ipsum dolor sit amet', 0, 225),
(899, 'Lorem ipsum dolor sit amet', 0, 225),
(900, 'Lorem ipsum dolor sit amet', 1, 225),
(901, 'Lorem ipsum dolor sit amet', 0, 226),
(902, 'Lorem ipsum dolor sit amet', 1, 226),
(903, 'Lorem ipsum dolor sit amet', 0, 226),
(904, 'Lorem ipsum dolor sit amet', 0, 226),
(905, 'Lorem ipsum dolor sit amet', 0, 227),
(906, 'Lorem ipsum dolor sit amet', 0, 227),
(907, 'Lorem ipsum dolor sit amet', 1, 227),
(908, 'Lorem ipsum dolor sit amet', 0, 227),
(909, 'Lorem ipsum dolor sit amet', 1, 228),
(910, 'Lorem ipsum dolor sit amet', 0, 228),
(911, 'Lorem ipsum dolor sit amet', 1, 228),
(912, 'Lorem ipsum dolor sit amet', 0, 228),
(913, 'Lorem ipsum dolor sit amet', 0, 229),
(914, 'Lorem ipsum dolor sit amet', 0, 229),
(915, 'Lorem ipsum dolor sit amet', 0, 229),
(916, 'Lorem ipsum dolor sit amet', 0, 229),
(917, 'Lorem ipsum dolor sit amet', 1, 230),
(918, 'Lorem ipsum dolor sit amet', 0, 230),
(919, 'Lorem ipsum dolor sit amet', 0, 230),
(920, 'Lorem ipsum dolor sit amet', 1, 230),
(921, 'Lorem ipsum dolor sit amet', 0, 231),
(922, 'Lorem ipsum dolor sit amet', 0, 231),
(923, 'Lorem ipsum dolor sit amet', 0, 231),
(924, 'Lorem ipsum dolor sit amet', 0, 231),
(925, 'Lorem ipsum dolor sit amet', 0, 232),
(926, 'Lorem ipsum dolor sit amet', 1, 232),
(927, 'Lorem ipsum dolor sit amet', 0, 232),
(928, 'Lorem ipsum dolor sit amet', 0, 232),
(929, 'Lorem ipsum dolor sit amet', 0, 233),
(930, 'Lorem ipsum dolor sit amet', 1, 233),
(931, 'Lorem ipsum dolor sit amet', 0, 233),
(932, 'Lorem ipsum dolor sit amet', 0, 233),
(933, 'Lorem ipsum dolor sit amet', 0, 234),
(934, 'Lorem ipsum dolor sit amet', 0, 234),
(935, 'Lorem ipsum dolor sit amet', 1, 234),
(936, 'Lorem ipsum dolor sit amet', 0, 234),
(937, 'Lorem ipsum dolor sit amet', 1, 235),
(938, 'Lorem ipsum dolor sit amet', 0, 235),
(939, 'Lorem ipsum dolor sit amet', 1, 235),
(940, 'Lorem ipsum dolor sit amet', 0, 235),
(941, 'Lorem ipsum dolor sit amet', 0, 236),
(942, 'Lorem ipsum dolor sit amet', 0, 236),
(943, 'Lorem ipsum dolor sit amet', 0, 236),
(944, 'Lorem ipsum dolor sit amet', 1, 236),
(945, 'Lorem ipsum dolor sit amet', 0, 237),
(946, 'Lorem ipsum dolor sit amet', 0, 237),
(947, 'Lorem ipsum dolor sit amet', 0, 237),
(948, 'Lorem ipsum dolor sit amet', 0, 237),
(949, 'Lorem ipsum dolor sit amet', 1, 238),
(950, 'Lorem ipsum dolor sit amet', 0, 238),
(951, 'Lorem ipsum dolor sit amet', 1, 238),
(952, 'Lorem ipsum dolor sit amet', 0, 238),
(953, 'Lorem ipsum dolor sit amet', 1, 239),
(954, 'Lorem ipsum dolor sit amet', 0, 239),
(955, 'Lorem ipsum dolor sit amet', 0, 239),
(956, 'Lorem ipsum dolor sit amet', 0, 239),
(957, 'Lorem ipsum dolor sit amet', 1, 240),
(958, 'Lorem ipsum dolor sit amet', 0, 240),
(959, 'Lorem ipsum dolor sit amet', 1, 240),
(960, 'Lorem ipsum dolor sit amet', 0, 240),
(961, 'Lorem ipsum dolor sit amet', 1, 241),
(962, 'Lorem ipsum dolor sit amet', 0, 241),
(963, 'Lorem ipsum dolor sit amet', 0, 241),
(964, 'Lorem ipsum dolor sit amet', 1, 241),
(965, 'Lorem ipsum dolor sit amet', 0, 242),
(966, 'Lorem ipsum dolor sit amet', 1, 242),
(967, 'Lorem ipsum dolor sit amet', 0, 242),
(968, 'Lorem ipsum dolor sit amet', 0, 242),
(969, 'Lorem ipsum dolor sit amet', 1, 243),
(970, 'Lorem ipsum dolor sit amet', 0, 243),
(971, 'Lorem ipsum dolor sit amet', 0, 243),
(972, 'Lorem ipsum dolor sit amet', 1, 243),
(973, 'Lorem ipsum dolor sit amet', 0, 244),
(974, 'Lorem ipsum dolor sit amet', 0, 244),
(975, 'Lorem ipsum dolor sit amet', 0, 244),
(976, 'Lorem ipsum dolor sit amet', 0, 244),
(977, 'Lorem ipsum dolor sit amet', 0, 245),
(978, 'Lorem ipsum dolor sit amet', 0, 245),
(979, 'Lorem ipsum dolor sit amet', 0, 245),
(980, 'Lorem ipsum dolor sit amet', 1, 245),
(981, 'Lorem ipsum dolor sit amet', 1, 246),
(982, 'Lorem ipsum dolor sit amet', 0, 246),
(983, 'Lorem ipsum dolor sit amet', 1, 246),
(984, 'Lorem ipsum dolor sit amet', 0, 246),
(985, 'Lorem ipsum dolor sit amet', 0, 247),
(986, 'Lorem ipsum dolor sit amet', 1, 247),
(987, 'Lorem ipsum dolor sit amet', 0, 247),
(988, 'Lorem ipsum dolor sit amet', 1, 247),
(989, 'Lorem ipsum dolor sit amet', 1, 248),
(990, 'Lorem ipsum dolor sit amet', 0, 248),
(991, 'Lorem ipsum dolor sit amet', 0, 248),
(992, 'Lorem ipsum dolor sit amet', 0, 248),
(993, 'Lorem ipsum dolor sit amet', 0, 249),
(994, 'Lorem ipsum dolor sit amet', 0, 249),
(995, 'Lorem ipsum dolor sit amet', 1, 249),
(996, 'Lorem ipsum dolor sit amet', 0, 249),
(997, 'Lorem ipsum dolor sit amet', 0, 250),
(998, 'Lorem ipsum dolor sit amet', 0, 250),
(999, 'Lorem ipsum dolor sit amet', 1, 250),
(1000, 'Lorem ipsum dolor sit amet', 0, 250),
(1001, 'Lorem ipsum dolor sit amet', 1, 251),
(1002, 'Lorem ipsum dolor sit amet', 0, 251),
(1003, 'Lorem ipsum dolor sit amet', 0, 251),
(1004, 'Lorem ipsum dolor sit amet', 0, 251),
(1005, 'Lorem ipsum dolor sit amet', 1, 252),
(1006, 'Lorem ipsum dolor sit amet', 0, 252),
(1007, 'Lorem ipsum dolor sit amet', 0, 252),
(1008, 'Lorem ipsum dolor sit amet', 0, 252),
(1009, 'Lorem ipsum dolor sit amet', 1, 253),
(1010, 'Lorem ipsum dolor sit amet', 0, 253),
(1011, 'Lorem ipsum dolor sit amet', 1, 253),
(1012, 'Lorem ipsum dolor sit amet', 0, 253),
(1013, 'Lorem ipsum dolor sit amet', 1, 254),
(1014, 'Lorem ipsum dolor sit amet', 0, 254),
(1015, 'Lorem ipsum dolor sit amet', 1, 254),
(1016, 'Lorem ipsum dolor sit amet', 0, 254),
(1017, 'Lorem ipsum dolor sit amet', 0, 255),
(1018, 'Lorem ipsum dolor sit amet', 0, 255),
(1019, 'Lorem ipsum dolor sit amet', 1, 255),
(1020, 'Lorem ipsum dolor sit amet', 0, 255),
(1021, 'Lorem ipsum dolor sit amet', 0, 256),
(1022, 'Lorem ipsum dolor sit amet', 1, 256),
(1023, 'Lorem ipsum dolor sit amet', 0, 256),
(1024, 'Lorem ipsum dolor sit amet', 1, 256),
(1025, 'Lorem ipsum dolor sit amet', 0, 257),
(1026, 'Lorem ipsum dolor sit amet', 0, 257),
(1027, 'Lorem ipsum dolor sit amet', 1, 257),
(1028, 'Lorem ipsum dolor sit amet', 0, 257),
(1029, 'Lorem ipsum dolor sit amet', 0, 258),
(1030, 'Lorem ipsum dolor sit amet', 0, 258),
(1031, 'Lorem ipsum dolor sit amet', 1, 258),
(1032, 'Lorem ipsum dolor sit amet', 0, 258),
(1033, 'Lorem ipsum dolor sit amet', 0, 259),
(1034, 'Lorem ipsum dolor sit amet', 0, 259),
(1035, 'Lorem ipsum dolor sit amet', 0, 259),
(1036, 'Lorem ipsum dolor sit amet', 1, 259),
(1037, 'Lorem ipsum dolor sit amet', 1, 260),
(1038, 'Lorem ipsum dolor sit amet', 0, 260),
(1039, 'Lorem ipsum dolor sit amet', 1, 260),
(1040, 'Lorem ipsum dolor sit amet', 0, 260),
(1041, 'Lorem ipsum dolor sit amet', 0, 261),
(1042, 'Lorem ipsum dolor sit amet', 0, 261),
(1043, 'Lorem ipsum dolor sit amet', 1, 261),
(1044, 'Lorem ipsum dolor sit amet', 0, 261),
(1045, 'Lorem ipsum dolor sit amet', 1, 262),
(1046, 'Lorem ipsum dolor sit amet', 0, 262),
(1047, 'Lorem ipsum dolor sit amet', 0, 262),
(1048, 'Lorem ipsum dolor sit amet', 1, 262),
(1049, 'Lorem ipsum dolor sit amet', 1, 263),
(1050, 'Lorem ipsum dolor sit amet', 0, 263),
(1051, 'Lorem ipsum dolor sit amet', 1, 263),
(1052, 'Lorem ipsum dolor sit amet', 0, 263),
(1053, 'Lorem ipsum dolor sit amet', 1, 264),
(1054, 'Lorem ipsum dolor sit amet', 0, 264),
(1055, 'Lorem ipsum dolor sit amet', 1, 264),
(1056, 'Lorem ipsum dolor sit amet', 0, 264),
(1057, 'Lorem ipsum dolor sit amet', 1, 265),
(1058, 'Lorem ipsum dolor sit amet', 0, 265),
(1059, 'Lorem ipsum dolor sit amet', 0, 265),
(1060, 'Lorem ipsum dolor sit amet', 0, 265),
(1061, 'Lorem ipsum dolor sit amet', 0, 266),
(1062, 'Lorem ipsum dolor sit amet', 1, 266),
(1063, 'Lorem ipsum dolor sit amet', 0, 266),
(1064, 'Lorem ipsum dolor sit amet', 0, 266),
(1065, 'Lorem ipsum dolor sit amet', 1, 267),
(1066, 'Lorem ipsum dolor sit amet', 0, 267),
(1067, 'Lorem ipsum dolor sit amet', 1, 267),
(1068, 'Lorem ipsum dolor sit amet', 0, 267),
(1069, 'Lorem ipsum dolor sit amet', 0, 268),
(1070, 'Lorem ipsum dolor sit amet', 0, 268),
(1071, 'Lorem ipsum dolor sit amet', 1, 268),
(1072, 'Lorem ipsum dolor sit amet', 0, 268),
(1073, 'Lorem ipsum dolor sit amet', 1, 269),
(1074, 'Lorem ipsum dolor sit amet', 0, 269),
(1075, 'Lorem ipsum dolor sit amet', 0, 269),
(1076, 'Lorem ipsum dolor sit amet', 0, 269),
(1077, 'Lorem ipsum dolor sit amet', 0, 270),
(1078, 'Lorem ipsum dolor sit amet', 0, 270),
(1079, 'Lorem ipsum dolor sit amet', 1, 270),
(1080, 'Lorem ipsum dolor sit amet', 0, 270),
(1081, 'Lorem ipsum dolor sit amet', 0, 271),
(1082, 'Lorem ipsum dolor sit amet', 0, 271),
(1083, 'Lorem ipsum dolor sit amet', 0, 271),
(1084, 'Lorem ipsum dolor sit amet', 1, 271),
(1085, 'Lorem ipsum dolor sit amet', 0, 272),
(1086, 'Lorem ipsum dolor sit amet', 0, 272),
(1087, 'Lorem ipsum dolor sit amet', 0, 272),
(1088, 'Lorem ipsum dolor sit amet', 0, 272),
(1089, 'Lorem ipsum dolor sit amet', 0, 273),
(1090, 'Lorem ipsum dolor sit amet', 1, 273),
(1091, 'Lorem ipsum dolor sit amet', 0, 273),
(1092, 'Lorem ipsum dolor sit amet', 1, 273),
(1093, 'Lorem ipsum dolor sit amet', 0, 274),
(1094, 'Lorem ipsum dolor sit amet', 1, 274),
(1095, 'Lorem ipsum dolor sit amet', 0, 274),
(1096, 'Lorem ipsum dolor sit amet', 0, 274),
(1097, 'Lorem ipsum dolor sit amet', 0, 275),
(1098, 'Lorem ipsum dolor sit amet', 0, 275),
(1099, 'Lorem ipsum dolor sit amet', 0, 275),
(1100, 'Lorem ipsum dolor sit amet', 0, 275),
(1101, 'Lorem ipsum dolor sit amet', 0, 276),
(1102, 'Lorem ipsum dolor sit amet', 1, 276),
(1103, 'Lorem ipsum dolor sit amet', 0, 276),
(1104, 'Lorem ipsum dolor sit amet', 1, 276),
(1105, 'Lorem ipsum dolor sit amet', 0, 277),
(1106, 'Lorem ipsum dolor sit amet', 1, 277),
(1107, 'Lorem ipsum dolor sit amet', 0, 277),
(1108, 'Lorem ipsum dolor sit amet', 1, 277),
(1109, 'Lorem ipsum dolor sit amet', 0, 278),
(1110, 'Lorem ipsum dolor sit amet', 0, 278),
(1111, 'Lorem ipsum dolor sit amet', 1, 278),
(1112, 'Lorem ipsum dolor sit amet', 0, 278),
(1113, 'Lorem ipsum dolor sit amet', 1, 279),
(1114, 'Lorem ipsum dolor sit amet', 0, 279),
(1115, 'Lorem ipsum dolor sit amet', 0, 279),
(1116, 'Lorem ipsum dolor sit amet', 0, 279),
(1117, 'Lorem ipsum dolor sit amet', 1, 280),
(1118, 'Lorem ipsum dolor sit amet', 0, 280),
(1119, 'Lorem ipsum dolor sit amet', 1, 280),
(1120, 'Lorem ipsum dolor sit amet', 0, 280),
(1121, 'Lorem ipsum dolor sit amet', 1, 281),
(1122, 'Lorem ipsum dolor sit amet', 0, 281),
(1123, 'Lorem ipsum dolor sit amet', 0, 281),
(1124, 'Lorem ipsum dolor sit amet', 1, 281),
(1125, 'Lorem ipsum dolor sit amet', 0, 282),
(1126, 'Lorem ipsum dolor sit amet', 1, 282),
(1127, 'Lorem ipsum dolor sit amet', 0, 282),
(1128, 'Lorem ipsum dolor sit amet', 0, 282),
(1129, 'Lorem ipsum dolor sit amet', 0, 283),
(1130, 'Lorem ipsum dolor sit amet', 0, 283),
(1131, 'Lorem ipsum dolor sit amet', 1, 283),
(1132, 'Lorem ipsum dolor sit amet', 0, 283),
(1133, 'Lorem ipsum dolor sit amet', 1, 284),
(1134, 'Lorem ipsum dolor sit amet', 0, 284),
(1135, 'Lorem ipsum dolor sit amet', 1, 284),
(1136, 'Lorem ipsum dolor sit amet', 0, 284),
(1137, 'Lorem ipsum dolor sit amet', 0, 285),
(1138, 'Lorem ipsum dolor sit amet', 1, 285),
(1139, 'Lorem ipsum dolor sit amet', 0, 285),
(1140, 'Lorem ipsum dolor sit amet', 1, 285),
(1141, 'Lorem ipsum dolor sit amet', 0, 286),
(1142, 'Lorem ipsum dolor sit amet', 1, 286),
(1143, 'Lorem ipsum dolor sit amet', 0, 286),
(1144, 'Lorem ipsum dolor sit amet', 1, 286),
(1145, 'Lorem ipsum dolor sit amet', 1, 287),
(1146, 'Lorem ipsum dolor sit amet', 0, 287),
(1147, 'Lorem ipsum dolor sit amet', 0, 287),
(1148, 'Lorem ipsum dolor sit amet', 0, 287),
(1149, 'Lorem ipsum dolor sit amet', 0, 288),
(1150, 'Lorem ipsum dolor sit amet', 1, 288),
(1151, 'Lorem ipsum dolor sit amet', 0, 288),
(1152, 'Lorem ipsum dolor sit amet', 0, 288),
(1153, 'Lorem ipsum dolor sit amet', 0, 289),
(1154, 'Lorem ipsum dolor sit amet', 1, 289),
(1155, 'Lorem ipsum dolor sit amet', 0, 289),
(1156, 'Lorem ipsum dolor sit amet', 1, 289),
(1157, 'Lorem ipsum dolor sit amet', 0, 290),
(1158, 'Lorem ipsum dolor sit amet', 1, 290),
(1159, 'Lorem ipsum dolor sit amet', 0, 290),
(1160, 'Lorem ipsum dolor sit amet', 0, 290),
(1161, 'Lorem ipsum dolor sit amet', 0, 291),
(1162, 'Lorem ipsum dolor sit amet', 0, 291),
(1163, 'Lorem ipsum dolor sit amet', 1, 291),
(1164, 'Lorem ipsum dolor sit amet', 0, 291),
(1165, 'Lorem ipsum dolor sit amet', 1, 292),
(1166, 'Lorem ipsum dolor sit amet', 0, 292),
(1167, 'Lorem ipsum dolor sit amet', 0, 292),
(1168, 'Lorem ipsum dolor sit amet', 0, 292),
(1169, 'Lorem ipsum dolor sit amet', 1, 293);
INSERT INTO `answer` (`id`, `title`, `is_good_answer`, `question_id`) VALUES
(1170, 'Lorem ipsum dolor sit amet', 0, 293),
(1171, 'Lorem ipsum dolor sit amet', 1, 293),
(1172, 'Lorem ipsum dolor sit amet', 0, 293),
(1173, 'Lorem ipsum dolor sit amet', 0, 294),
(1174, 'Lorem ipsum dolor sit amet', 0, 294),
(1175, 'Lorem ipsum dolor sit amet', 0, 294),
(1176, 'Lorem ipsum dolor sit amet', 0, 294),
(1177, 'Lorem ipsum dolor sit amet', 0, 295),
(1178, 'Lorem ipsum dolor sit amet', 0, 295),
(1179, 'Lorem ipsum dolor sit amet', 1, 295),
(1180, 'Lorem ipsum dolor sit amet', 0, 295),
(1181, 'Lorem ipsum dolor sit amet', 1, 296),
(1182, 'Lorem ipsum dolor sit amet', 0, 296),
(1183, 'Lorem ipsum dolor sit amet', 0, 296),
(1184, 'Lorem ipsum dolor sit amet', 1, 296),
(1185, 'Lorem ipsum dolor sit amet', 0, 297),
(1186, 'Lorem ipsum dolor sit amet', 1, 297),
(1187, 'Lorem ipsum dolor sit amet', 0, 297),
(1188, 'Lorem ipsum dolor sit amet', 1, 297),
(1189, 'Lorem ipsum dolor sit amet', 0, 298),
(1190, 'Lorem ipsum dolor sit amet', 0, 298),
(1191, 'Lorem ipsum dolor sit amet', 1, 298),
(1192, 'Lorem ipsum dolor sit amet', 0, 298),
(1193, 'Lorem ipsum dolor sit amet', 0, 299),
(1194, 'Lorem ipsum dolor sit amet', 0, 299),
(1195, 'Lorem ipsum dolor sit amet', 1, 299),
(1196, 'Lorem ipsum dolor sit amet', 0, 299),
(1197, 'Lorem ipsum dolor sit amet', 1, 300),
(1198, 'Lorem ipsum dolor sit amet', 0, 300),
(1199, 'Lorem ipsum dolor sit amet', 1, 300),
(1200, 'Lorem ipsum dolor sit amet', 0, 300),
(1201, 'Lorem ipsum dolor sit amet', 1, 301),
(1202, 'Lorem ipsum dolor sit amet', 0, 301),
(1203, 'Lorem ipsum dolor sit amet', 0, 301),
(1204, 'Lorem ipsum dolor sit amet', 1, 301),
(1205, 'Lorem ipsum dolor sit amet', 0, 302),
(1206, 'Lorem ipsum dolor sit amet', 1, 302),
(1207, 'Lorem ipsum dolor sit amet', 0, 302),
(1208, 'Lorem ipsum dolor sit amet', 1, 302),
(1209, 'Lorem ipsum dolor sit amet', 1, 303),
(1210, 'Lorem ipsum dolor sit amet', 0, 303),
(1211, 'Lorem ipsum dolor sit amet', 0, 303),
(1212, 'Lorem ipsum dolor sit amet', 1, 303),
(1213, 'Lorem ipsum dolor sit amet', 1, 304),
(1214, 'Lorem ipsum dolor sit amet', 0, 304),
(1215, 'Lorem ipsum dolor sit amet', 1, 304),
(1216, 'Lorem ipsum dolor sit amet', 0, 304),
(1217, 'Lorem ipsum dolor sit amet', 0, 305),
(1218, 'Lorem ipsum dolor sit amet', 1, 305),
(1219, 'Lorem ipsum dolor sit amet', 0, 305),
(1220, 'Lorem ipsum dolor sit amet', 0, 305),
(1221, 'Lorem ipsum dolor sit amet', 0, 306),
(1222, 'Lorem ipsum dolor sit amet', 0, 306),
(1223, 'Lorem ipsum dolor sit amet', 0, 306),
(1224, 'Lorem ipsum dolor sit amet', 0, 306),
(1225, 'Lorem ipsum dolor sit amet', 0, 307),
(1226, 'Lorem ipsum dolor sit amet', 0, 307),
(1227, 'Lorem ipsum dolor sit amet', 1, 307),
(1228, 'Lorem ipsum dolor sit amet', 0, 307),
(1229, 'Lorem ipsum dolor sit amet', 0, 308),
(1230, 'Lorem ipsum dolor sit amet', 0, 308),
(1231, 'Lorem ipsum dolor sit amet', 1, 308),
(1232, 'Lorem ipsum dolor sit amet', 0, 308),
(1233, 'Lorem ipsum dolor sit amet', 0, 309),
(1234, 'Lorem ipsum dolor sit amet', 1, 309),
(1235, 'Lorem ipsum dolor sit amet', 0, 309),
(1236, 'Lorem ipsum dolor sit amet', 0, 309),
(1237, 'Lorem ipsum dolor sit amet', 1, 310),
(1238, 'Lorem ipsum dolor sit amet', 0, 310),
(1239, 'Lorem ipsum dolor sit amet', 0, 310),
(1240, 'Lorem ipsum dolor sit amet', 0, 310),
(1241, 'Lorem ipsum dolor sit amet', 0, 311),
(1242, 'Lorem ipsum dolor sit amet', 0, 311),
(1243, 'Lorem ipsum dolor sit amet', 0, 311),
(1244, 'Lorem ipsum dolor sit amet', 0, 311),
(1245, 'Lorem ipsum dolor sit amet', 1, 312),
(1246, 'Lorem ipsum dolor sit amet', 0, 312),
(1247, 'Lorem ipsum dolor sit amet', 0, 312),
(1248, 'Lorem ipsum dolor sit amet', 0, 312),
(1249, 'Lorem ipsum dolor sit amet', 0, 313),
(1250, 'Lorem ipsum dolor sit amet', 0, 313),
(1251, 'Lorem ipsum dolor sit amet', 1, 313),
(1252, 'Lorem ipsum dolor sit amet', 0, 313),
(1253, 'Lorem ipsum dolor sit amet', 0, 314),
(1254, 'Lorem ipsum dolor sit amet', 1, 314),
(1255, 'Lorem ipsum dolor sit amet', 0, 314),
(1256, 'Lorem ipsum dolor sit amet', 1, 314),
(1257, 'Lorem ipsum dolor sit amet', 1, 315),
(1258, 'Lorem ipsum dolor sit amet', 0, 315),
(1259, 'Lorem ipsum dolor sit amet', 1, 315),
(1260, 'Lorem ipsum dolor sit amet', 0, 315),
(1261, 'Lorem ipsum dolor sit amet', 1, 316),
(1262, 'Lorem ipsum dolor sit amet', 0, 316),
(1263, 'Lorem ipsum dolor sit amet', 1, 316),
(1264, 'Lorem ipsum dolor sit amet', 0, 316),
(1265, 'Lorem ipsum dolor sit amet', 1, 317),
(1266, 'Lorem ipsum dolor sit amet', 0, 317),
(1267, 'Lorem ipsum dolor sit amet', 0, 317),
(1268, 'Lorem ipsum dolor sit amet', 1, 317),
(1269, 'Lorem ipsum dolor sit amet', 1, 318),
(1270, 'Lorem ipsum dolor sit amet', 0, 318),
(1271, 'Lorem ipsum dolor sit amet', 1, 318),
(1272, 'Lorem ipsum dolor sit amet', 0, 318),
(1273, 'Lorem ipsum dolor sit amet', 1, 319),
(1274, 'Lorem ipsum dolor sit amet', 0, 319),
(1275, 'Lorem ipsum dolor sit amet', 0, 319),
(1276, 'Lorem ipsum dolor sit amet', 0, 319),
(1277, 'Lorem ipsum dolor sit amet', 1, 320),
(1278, 'Lorem ipsum dolor sit amet', 0, 320),
(1279, 'Lorem ipsum dolor sit amet', 1, 320),
(1280, 'Lorem ipsum dolor sit amet', 0, 320);

-- --------------------------------------------------------

--
-- Structure de la table `cd_rom`
--

CREATE TABLE `cd_rom` (
  `id` int(11) NOT NULL,
  `publisher` varchar(80) NOT NULL
) ENGINE=InnoDB DEFAULT CHARSET=utf8mb4;

--
-- Déchargement des données de la table `cd_rom`
--

INSERT INTO `cd_rom` (`id`, `publisher`) VALUES
(1, 'Universal'),
(2, 'Capcom'),
(3, 'Nokia');

-- --------------------------------------------------------

--
-- Structure de la table `examen`
--

CREATE TABLE `examen` (
  `id` int(11) NOT NULL,
  `day_time` datetime NOT NULL,
  `available_place` int(11) NOT NULL
) ENGINE=InnoDB DEFAULT CHARSET=utf8mb4;

--
-- Déchargement des données de la table `examen`
--

INSERT INTO `examen` (`id`, `day_time`, `available_place`) VALUES
(1, '2021-01-12 15:00:00', 3),
(2, '2021-12-15 15:00:00', 6),
(3, '2022-01-03 15:00:00', 8),
(4, '2022-01-15 15:00:00', 5),
(5, '2022-01-30 15:00:00', 8),
(6, '2022-02-01 14:00:00', 8),
(7, '2022-02-15 11:00:00', 3),
(8, '2022-02-28 11:30:00', 8),
(9, '2022-03-01 15:30:00', 8),
(10, '2022-03-15 13:15:00', 8);

-- --------------------------------------------------------

--
-- Structure de la table `question`
--

CREATE TABLE `question` (
  `id` int(11) NOT NULL,
  `title` text NOT NULL,
  `difficulty` int(11) NOT NULL,
  `theme_id` int(11) NOT NULL
) ENGINE=InnoDB DEFAULT CHARSET=utf8mb4;

--
-- Déchargement des données de la table `question`
--

INSERT INTO `question` (`id`, `title`, `difficulty`, `theme_id`) VALUES
(1, 'Lorem ipsum dolor sit amet, consectetur adipiscing elit. Proin consectetur ?', 5, 4),
(2, 'Lorem ipsum dolor sit amet, consectetur adipiscing elit. Proin consectetur ?', 4, 4),
(3, 'Lorem ipsum dolor sit amet, consectetur adipiscing elit. Proin consectetur ?', 3, 1),
(4, 'Lorem ipsum dolor sit amet, consectetur adipiscing elit. Proin consectetur ?', 4, 4),
(5, 'Lorem ipsum dolor sit amet, consectetur adipiscing elit. Proin consectetur ?', 2, 3),
(6, 'Lorem ipsum dolor sit amet, consectetur adipiscing elit. Proin consectetur ?', 6, 3),
(7, 'Lorem ipsum dolor sit amet, consectetur adipiscing elit. Proin consectetur ?', 6, 2),
(8, 'Lorem ipsum dolor sit amet, consectetur adipiscing elit. Proin consectetur ?', 2, 3),
(9, 'Lorem ipsum dolor sit amet, consectetur adipiscing elit. Proin consectetur ?', 6, 4),
(10, 'Lorem ipsum dolor sit amet, consectetur adipiscing elit. Proin consectetur ?', 2, 1),
(11, 'Lorem ipsum dolor sit amet, consectetur adipiscing elit. Proin consectetur ?', 5, 3),
(12, 'Lorem ipsum dolor sit amet, consectetur adipiscing elit. Proin consectetur ?', 2, 2),
(13, 'Lorem ipsum dolor sit amet, consectetur adipiscing elit. Proin consectetur ?', 4, 4),
(14, 'Lorem ipsum dolor sit amet, consectetur adipiscing elit. Proin consectetur ?', 4, 3),
(15, 'Lorem ipsum dolor sit amet, consectetur adipiscing elit. Proin consectetur ?', 5, 2),
(16, 'Lorem ipsum dolor sit amet, consectetur adipiscing elit. Proin consectetur ?', 5, 3),
(17, 'Lorem ipsum dolor sit amet, consectetur adipiscing elit. Proin consectetur ?', 6, 2),
(18, 'Lorem ipsum dolor sit amet, consectetur adipiscing elit. Proin consectetur ?', 2, 2),
(19, 'Lorem ipsum dolor sit amet, consectetur adipiscing elit. Proin consectetur ?', 2, 1),
(20, 'Lorem ipsum dolor sit amet, consectetur adipiscing elit. Proin consectetur ?', 3, 2),
(21, 'Lorem ipsum dolor sit amet, consectetur adipiscing elit. Proin consectetur ?', 2, 1),
(22, 'Lorem ipsum dolor sit amet, consectetur adipiscing elit. Proin consectetur ?', 2, 3),
(23, 'Lorem ipsum dolor sit amet, consectetur adipiscing elit. Proin consectetur ?', 4, 2),
(24, 'Lorem ipsum dolor sit amet, consectetur adipiscing elit. Proin consectetur ?', 4, 1),
(25, 'Lorem ipsum dolor sit amet, consectetur adipiscing elit. Proin consectetur ?', 3, 4),
(26, 'Lorem ipsum dolor sit amet, consectetur adipiscing elit. Proin consectetur ?', 6, 2),
(27, 'Lorem ipsum dolor sit amet, consectetur adipiscing elit. Proin consectetur ?', 3, 4),
(28, 'Lorem ipsum dolor sit amet, consectetur adipiscing elit. Proin consectetur ?', 4, 2),
(29, 'Lorem ipsum dolor sit amet, consectetur adipiscing elit. Proin consectetur ?', 5, 1),
(30, 'Lorem ipsum dolor sit amet, consectetur adipiscing elit. Proin consectetur ?', 6, 3),
(31, 'Lorem ipsum dolor sit amet, consectetur adipiscing elit. Proin consectetur ?', 5, 2),
(32, 'Lorem ipsum dolor sit amet, consectetur adipiscing elit. Proin consectetur ?', 4, 4),
(33, 'Lorem ipsum dolor sit amet, consectetur adipiscing elit. Proin consectetur ?', 4, 3),
(34, 'Lorem ipsum dolor sit amet, consectetur adipiscing elit. Proin consectetur ?', 2, 1),
(35, 'Lorem ipsum dolor sit amet, consectetur adipiscing elit. Proin consectetur ?', 4, 4),
(36, 'Lorem ipsum dolor sit amet, consectetur adipiscing elit. Proin consectetur ?', 4, 4),
(37, 'Lorem ipsum dolor sit amet, consectetur adipiscing elit. Proin consectetur ?', 4, 4),
(38, 'Lorem ipsum dolor sit amet, consectetur adipiscing elit. Proin consectetur ?', 2, 3),
(39, 'Lorem ipsum dolor sit amet, consectetur adipiscing elit. Proin consectetur ?', 3, 4),
(40, 'Lorem ipsum dolor sit amet, consectetur adipiscing elit. Proin consectetur ?', 2, 3),
(41, 'Lorem ipsum dolor sit amet, consectetur adipiscing elit. Proin consectetur ?', 5, 2),
(42, 'Lorem ipsum dolor sit amet, consectetur adipiscing elit. Proin consectetur ?', 5, 4),
(43, 'Lorem ipsum dolor sit amet, consectetur adipiscing elit. Proin consectetur ?', 5, 4),
(44, 'Lorem ipsum dolor sit amet, consectetur adipiscing elit. Proin consectetur ?', 5, 1),
(45, 'Lorem ipsum dolor sit amet, consectetur adipiscing elit. Proin consectetur ?', 4, 2),
(46, 'Lorem ipsum dolor sit amet, consectetur adipiscing elit. Proin consectetur ?', 3, 1),
(47, 'Lorem ipsum dolor sit amet, consectetur adipiscing elit. Proin consectetur ?', 4, 2),
(48, 'Lorem ipsum dolor sit amet, consectetur adipiscing elit. Proin consectetur ?', 5, 2),
(49, 'Lorem ipsum dolor sit amet, consectetur adipiscing elit. Proin consectetur ?', 5, 1),
(50, 'Lorem ipsum dolor sit amet, consectetur adipiscing elit. Proin consectetur ?', 4, 3),
(51, 'Lorem ipsum dolor sit amet, consectetur adipiscing elit. Proin consectetur ?', 4, 3),
(52, 'Lorem ipsum dolor sit amet, consectetur adipiscing elit. Proin consectetur ?', 3, 2),
(53, 'Lorem ipsum dolor sit amet, consectetur adipiscing elit. Proin consectetur ?', 3, 2),
(54, 'Lorem ipsum dolor sit amet, consectetur adipiscing elit. Proin consectetur ?', 4, 4),
(55, 'Lorem ipsum dolor sit amet, consectetur adipiscing elit. Proin consectetur ?', 6, 4),
(56, 'Lorem ipsum dolor sit amet, consectetur adipiscing elit. Proin consectetur ?', 2, 2),
(57, 'Lorem ipsum dolor sit amet, consectetur adipiscing elit. Proin consectetur ?', 3, 2),
(58, 'Lorem ipsum dolor sit amet, consectetur adipiscing elit. Proin consectetur ?', 2, 1),
(59, 'Lorem ipsum dolor sit amet, consectetur adipiscing elit. Proin consectetur ?', 2, 2),
(60, 'Lorem ipsum dolor sit amet, consectetur adipiscing elit. Proin consectetur ?', 4, 1),
(61, 'Lorem ipsum dolor sit amet, consectetur adipiscing elit. Proin consectetur ?', 6, 3),
(62, 'Lorem ipsum dolor sit amet, consectetur adipiscing elit. Proin consectetur ?', 2, 3),
(63, 'Lorem ipsum dolor sit amet, consectetur adipiscing elit. Proin consectetur ?', 4, 2),
(64, 'Lorem ipsum dolor sit amet, consectetur adipiscing elit. Proin consectetur ?', 5, 1),
(65, 'Lorem ipsum dolor sit amet, consectetur adipiscing elit. Proin consectetur ?', 5, 3),
(66, 'Lorem ipsum dolor sit amet, consectetur adipiscing elit. Proin consectetur ?', 4, 2),
(67, 'Lorem ipsum dolor sit amet, consectetur adipiscing elit. Proin consectetur ?', 5, 1),
(68, 'Lorem ipsum dolor sit amet, consectetur adipiscing elit. Proin consectetur ?', 5, 2),
(69, 'Lorem ipsum dolor sit amet, consectetur adipiscing elit. Proin consectetur ?', 4, 4),
(70, 'Lorem ipsum dolor sit amet, consectetur adipiscing elit. Proin consectetur ?', 5, 2),
(71, 'Lorem ipsum dolor sit amet, consectetur adipiscing elit. Proin consectetur ?', 6, 3),
(72, 'Lorem ipsum dolor sit amet, consectetur adipiscing elit. Proin consectetur ?', 2, 3),
(73, 'Lorem ipsum dolor sit amet, consectetur adipiscing elit. Proin consectetur ?', 4, 2),
(74, 'Lorem ipsum dolor sit amet, consectetur adipiscing elit. Proin consectetur ?', 5, 3),
(75, 'Lorem ipsum dolor sit amet, consectetur adipiscing elit. Proin consectetur ?', 2, 4),
(76, 'Lorem ipsum dolor sit amet, consectetur adipiscing elit. Proin consectetur ?', 6, 2),
(77, 'Lorem ipsum dolor sit amet, consectetur adipiscing elit. Proin consectetur ?', 2, 2),
(78, 'Lorem ipsum dolor sit amet, consectetur adipiscing elit. Proin consectetur ?', 4, 2),
(79, 'Lorem ipsum dolor sit amet, consectetur adipiscing elit. Proin consectetur ?', 2, 2),
(80, 'Lorem ipsum dolor sit amet, consectetur adipiscing elit. Proin consectetur ?', 4, 3),
(81, 'Lorem ipsum dolor sit amet, consectetur adipiscing elit. Proin consectetur ?', 5, 4),
(82, 'Lorem ipsum dolor sit amet, consectetur adipiscing elit. Proin consectetur ?', 6, 3),
(83, 'Lorem ipsum dolor sit amet, consectetur adipiscing elit. Proin consectetur ?', 3, 1),
(84, 'Lorem ipsum dolor sit amet, consectetur adipiscing elit. Proin consectetur ?', 5, 4),
(85, 'Lorem ipsum dolor sit amet, consectetur adipiscing elit. Proin consectetur ?', 2, 1),
(86, 'Lorem ipsum dolor sit amet, consectetur adipiscing elit. Proin consectetur ?', 6, 1),
(87, 'Lorem ipsum dolor sit amet, consectetur adipiscing elit. Proin consectetur ?', 6, 2),
(88, 'Lorem ipsum dolor sit amet, consectetur adipiscing elit. Proin consectetur ?', 5, 3),
(89, 'Lorem ipsum dolor sit amet, consectetur adipiscing elit. Proin consectetur ?', 2, 1),
(90, 'Lorem ipsum dolor sit amet, consectetur adipiscing elit. Proin consectetur ?', 4, 3),
(91, 'Lorem ipsum dolor sit amet, consectetur adipiscing elit. Proin consectetur ?', 4, 1),
(92, 'Lorem ipsum dolor sit amet, consectetur adipiscing elit. Proin consectetur ?', 5, 4),
(93, 'Lorem ipsum dolor sit amet, consectetur adipiscing elit. Proin consectetur ?', 5, 2),
(94, 'Lorem ipsum dolor sit amet, consectetur adipiscing elit. Proin consectetur ?', 2, 4),
(95, 'Lorem ipsum dolor sit amet, consectetur adipiscing elit. Proin consectetur ?', 3, 3),
(96, 'Lorem ipsum dolor sit amet, consectetur adipiscing elit. Proin consectetur ?', 3, 1),
(97, 'Lorem ipsum dolor sit amet, consectetur adipiscing elit. Proin consectetur ?', 4, 1),
(98, 'Lorem ipsum dolor sit amet, consectetur adipiscing elit. Proin consectetur ?', 2, 4),
(99, 'Lorem ipsum dolor sit amet, consectetur adipiscing elit. Proin consectetur ?', 3, 4),
(100, 'Lorem ipsum dolor sit amet, consectetur adipiscing elit. Proin consectetur ?', 3, 2),
(101, 'Lorem ipsum dolor sit amet, consectetur adipiscing elit. Proin consectetur ?', 6, 4),
(102, 'Lorem ipsum dolor sit amet, consectetur adipiscing elit. Proin consectetur ?', 3, 1),
(103, 'Lorem ipsum dolor sit amet, consectetur adipiscing elit. Proin consectetur ?', 5, 2),
(104, 'Lorem ipsum dolor sit amet, consectetur adipiscing elit. Proin consectetur ?', 3, 3),
(105, 'Lorem ipsum dolor sit amet, consectetur adipiscing elit. Proin consectetur ?', 4, 3),
(106, 'Lorem ipsum dolor sit amet, consectetur adipiscing elit. Proin consectetur ?', 6, 3),
(107, 'Lorem ipsum dolor sit amet, consectetur adipiscing elit. Proin consectetur ?', 4, 3),
(108, 'Lorem ipsum dolor sit amet, consectetur adipiscing elit. Proin consectetur ?', 4, 1),
(109, 'Lorem ipsum dolor sit amet, consectetur adipiscing elit. Proin consectetur ?', 5, 1),
(110, 'Lorem ipsum dolor sit amet, consectetur adipiscing elit. Proin consectetur ?', 4, 2),
(111, 'Lorem ipsum dolor sit amet, consectetur adipiscing elit. Proin consectetur ?', 5, 2),
(112, 'Lorem ipsum dolor sit amet, consectetur adipiscing elit. Proin consectetur ?', 3, 2),
(113, 'Lorem ipsum dolor sit amet, consectetur adipiscing elit. Proin consectetur ?', 6, 4),
(114, 'Lorem ipsum dolor sit amet, consectetur adipiscing elit. Proin consectetur ?', 4, 4),
(115, 'Lorem ipsum dolor sit amet, consectetur adipiscing elit. Proin consectetur ?', 6, 2),
(116, 'Lorem ipsum dolor sit amet, consectetur adipiscing elit. Proin consectetur ?', 6, 1),
(117, 'Lorem ipsum dolor sit amet, consectetur adipiscing elit. Proin consectetur ?', 5, 4),
(118, 'Lorem ipsum dolor sit amet, consectetur adipiscing elit. Proin consectetur ?', 5, 1),
(119, 'Lorem ipsum dolor sit amet, consectetur adipiscing elit. Proin consectetur ?', 3, 2),
(120, 'Lorem ipsum dolor sit amet, consectetur adipiscing elit. Proin consectetur ?', 4, 1),
(121, 'Lorem ipsum dolor sit amet, consectetur adipiscing elit. Proin consectetur ?', 2, 3),
(122, 'Lorem ipsum dolor sit amet, consectetur adipiscing elit. Proin consectetur ?', 3, 3),
(123, 'Lorem ipsum dolor sit amet, consectetur adipiscing elit. Proin consectetur ?', 6, 3),
(124, 'Lorem ipsum dolor sit amet, consectetur adipiscing elit. Proin consectetur ?', 5, 1),
(125, 'Lorem ipsum dolor sit amet, consectetur adipiscing elit. Proin consectetur ?', 2, 4),
(126, 'Lorem ipsum dolor sit amet, consectetur adipiscing elit. Proin consectetur ?', 2, 1),
(127, 'Lorem ipsum dolor sit amet, consectetur adipiscing elit. Proin consectetur ?', 6, 2),
(128, 'Lorem ipsum dolor sit amet, consectetur adipiscing elit. Proin consectetur ?', 2, 4),
(129, 'Lorem ipsum dolor sit amet, consectetur adipiscing elit. Proin consectetur ?', 6, 4),
(130, 'Lorem ipsum dolor sit amet, consectetur adipiscing elit. Proin consectetur ?', 6, 2),
(131, 'Lorem ipsum dolor sit amet, consectetur adipiscing elit. Proin consectetur ?', 6, 4),
(132, 'Lorem ipsum dolor sit amet, consectetur adipiscing elit. Proin consectetur ?', 4, 1),
(133, 'Lorem ipsum dolor sit amet, consectetur adipiscing elit. Proin consectetur ?', 3, 3),
(134, 'Lorem ipsum dolor sit amet, consectetur adipiscing elit. Proin consectetur ?', 5, 1),
(135, 'Lorem ipsum dolor sit amet, consectetur adipiscing elit. Proin consectetur ?', 5, 3),
(136, 'Lorem ipsum dolor sit amet, consectetur adipiscing elit. Proin consectetur ?', 4, 1),
(137, 'Lorem ipsum dolor sit amet, consectetur adipiscing elit. Proin consectetur ?', 4, 2),
(138, 'Lorem ipsum dolor sit amet, consectetur adipiscing elit. Proin consectetur ?', 3, 1),
(139, 'Lorem ipsum dolor sit amet, consectetur adipiscing elit. Proin consectetur ?', 5, 1),
(140, 'Lorem ipsum dolor sit amet, consectetur adipiscing elit. Proin consectetur ?', 6, 3),
(141, 'Lorem ipsum dolor sit amet, consectetur adipiscing elit. Proin consectetur ?', 5, 3),
(142, 'Lorem ipsum dolor sit amet, consectetur adipiscing elit. Proin consectetur ?', 2, 1),
(143, 'Lorem ipsum dolor sit amet, consectetur adipiscing elit. Proin consectetur ?', 2, 1),
(144, 'Lorem ipsum dolor sit amet, consectetur adipiscing elit. Proin consectetur ?', 5, 1),
(145, 'Lorem ipsum dolor sit amet, consectetur adipiscing elit. Proin consectetur ?', 4, 4),
(146, 'Lorem ipsum dolor sit amet, consectetur adipiscing elit. Proin consectetur ?', 6, 3),
(147, 'Lorem ipsum dolor sit amet, consectetur adipiscing elit. Proin consectetur ?', 4, 4),
(148, 'Lorem ipsum dolor sit amet, consectetur adipiscing elit. Proin consectetur ?', 2, 4),
(149, 'Lorem ipsum dolor sit amet, consectetur adipiscing elit. Proin consectetur ?', 3, 4),
(150, 'Lorem ipsum dolor sit amet, consectetur adipiscing elit. Proin consectetur ?', 2, 3),
(151, 'Lorem ipsum dolor sit amet, consectetur adipiscing elit. Proin consectetur ?', 6, 4),
(152, 'Lorem ipsum dolor sit amet, consectetur adipiscing elit. Proin consectetur ?', 3, 1),
(153, 'Lorem ipsum dolor sit amet, consectetur adipiscing elit. Proin consectetur ?', 5, 4),
(154, 'Lorem ipsum dolor sit amet, consectetur adipiscing elit. Proin consectetur ?', 2, 1),
(155, 'Lorem ipsum dolor sit amet, consectetur adipiscing elit. Proin consectetur ?', 4, 4),
(156, 'Lorem ipsum dolor sit amet, consectetur adipiscing elit. Proin consectetur ?', 3, 3),
(157, 'Lorem ipsum dolor sit amet, consectetur adipiscing elit. Proin consectetur ?', 6, 1),
(158, 'Lorem ipsum dolor sit amet, consectetur adipiscing elit. Proin consectetur ?', 3, 4),
(159, 'Lorem ipsum dolor sit amet, consectetur adipiscing elit. Proin consectetur ?', 4, 2),
(160, 'Lorem ipsum dolor sit amet, consectetur adipiscing elit. Proin consectetur ?', 6, 2),
(161, 'Lorem ipsum dolor sit amet, consectetur adipiscing elit. Proin consectetur ?', 2, 4),
(162, 'Lorem ipsum dolor sit amet, consectetur adipiscing elit. Proin consectetur ?', 6, 2),
(163, 'Lorem ipsum dolor sit amet, consectetur adipiscing elit. Proin consectetur ?', 3, 3),
(164, 'Lorem ipsum dolor sit amet, consectetur adipiscing elit. Proin consectetur ?', 4, 4),
(165, 'Lorem ipsum dolor sit amet, consectetur adipiscing elit. Proin consectetur ?', 6, 2),
(166, 'Lorem ipsum dolor sit amet, consectetur adipiscing elit. Proin consectetur ?', 4, 4),
(167, 'Lorem ipsum dolor sit amet, consectetur adipiscing elit. Proin consectetur ?', 6, 3),
(168, 'Lorem ipsum dolor sit amet, consectetur adipiscing elit. Proin consectetur ?', 6, 1),
(169, 'Lorem ipsum dolor sit amet, consectetur adipiscing elit. Proin consectetur ?', 6, 3),
(170, 'Lorem ipsum dolor sit amet, consectetur adipiscing elit. Proin consectetur ?', 2, 2),
(171, 'Lorem ipsum dolor sit amet, consectetur adipiscing elit. Proin consectetur ?', 5, 4),
(172, 'Lorem ipsum dolor sit amet, consectetur adipiscing elit. Proin consectetur ?', 3, 4),
(173, 'Lorem ipsum dolor sit amet, consectetur adipiscing elit. Proin consectetur ?', 3, 3),
(174, 'Lorem ipsum dolor sit amet, consectetur adipiscing elit. Proin consectetur ?', 5, 2),
(175, 'Lorem ipsum dolor sit amet, consectetur adipiscing elit. Proin consectetur ?', 6, 4),
(176, 'Lorem ipsum dolor sit amet, consectetur adipiscing elit. Proin consectetur ?', 2, 3),
(177, 'Lorem ipsum dolor sit amet, consectetur adipiscing elit. Proin consectetur ?', 6, 4),
(178, 'Lorem ipsum dolor sit amet, consectetur adipiscing elit. Proin consectetur ?', 4, 4),
(179, 'Lorem ipsum dolor sit amet, consectetur adipiscing elit. Proin consectetur ?', 2, 1),
(180, 'Lorem ipsum dolor sit amet, consectetur adipiscing elit. Proin consectetur ?', 4, 1),
(181, 'Lorem ipsum dolor sit amet, consectetur adipiscing elit. Proin consectetur ?', 4, 4),
(182, 'Lorem ipsum dolor sit amet, consectetur adipiscing elit. Proin consectetur ?', 6, 1),
(183, 'Lorem ipsum dolor sit amet, consectetur adipiscing elit. Proin consectetur ?', 3, 2),
(184, 'Lorem ipsum dolor sit amet, consectetur adipiscing elit. Proin consectetur ?', 2, 2),
(185, 'Lorem ipsum dolor sit amet, consectetur adipiscing elit. Proin consectetur ?', 2, 4),
(186, 'Lorem ipsum dolor sit amet, consectetur adipiscing elit. Proin consectetur ?', 4, 3),
(187, 'Lorem ipsum dolor sit amet, consectetur adipiscing elit. Proin consectetur ?', 3, 2),
(188, 'Lorem ipsum dolor sit amet, consectetur adipiscing elit. Proin consectetur ?', 3, 3),
(189, 'Lorem ipsum dolor sit amet, consectetur adipiscing elit. Proin consectetur ?', 3, 1),
(190, 'Lorem ipsum dolor sit amet, consectetur adipiscing elit. Proin consectetur ?', 3, 3),
(191, 'Lorem ipsum dolor sit amet, consectetur adipiscing elit. Proin consectetur ?', 6, 3),
(192, 'Lorem ipsum dolor sit amet, consectetur adipiscing elit. Proin consectetur ?', 2, 4),
(193, 'Lorem ipsum dolor sit amet, consectetur adipiscing elit. Proin consectetur ?', 2, 4),
(194, 'Lorem ipsum dolor sit amet, consectetur adipiscing elit. Proin consectetur ?', 6, 2),
(195, 'Lorem ipsum dolor sit amet, consectetur adipiscing elit. Proin consectetur ?', 6, 3),
(196, 'Lorem ipsum dolor sit amet, consectetur adipiscing elit. Proin consectetur ?', 3, 3),
(197, 'Lorem ipsum dolor sit amet, consectetur adipiscing elit. Proin consectetur ?', 3, 3),
(198, 'Lorem ipsum dolor sit amet, consectetur adipiscing elit. Proin consectetur ?', 6, 3),
(199, 'Lorem ipsum dolor sit amet, consectetur adipiscing elit. Proin consectetur ?', 3, 4),
(200, 'Lorem ipsum dolor sit amet, consectetur adipiscing elit. Proin consectetur ?', 6, 1),
(201, 'Lorem ipsum dolor sit amet, consectetur adipiscing elit. Proin consectetur ?', 5, 4),
(202, 'Lorem ipsum dolor sit amet, consectetur adipiscing elit. Proin consectetur ?', 4, 3),
(203, 'Lorem ipsum dolor sit amet, consectetur adipiscing elit. Proin consectetur ?', 2, 3),
(204, 'Lorem ipsum dolor sit amet, consectetur adipiscing elit. Proin consectetur ?', 3, 4),
(205, 'Lorem ipsum dolor sit amet, consectetur adipiscing elit. Proin consectetur ?', 6, 4),
(206, 'Lorem ipsum dolor sit amet, consectetur adipiscing elit. Proin consectetur ?', 3, 2),
(207, 'Lorem ipsum dolor sit amet, consectetur adipiscing elit. Proin consectetur ?', 6, 4),
(208, 'Lorem ipsum dolor sit amet, consectetur adipiscing elit. Proin consectetur ?', 4, 3),
(209, 'Lorem ipsum dolor sit amet, consectetur adipiscing elit. Proin consectetur ?', 2, 3),
(210, 'Lorem ipsum dolor sit amet, consectetur adipiscing elit. Proin consectetur ?', 2, 2),
(211, 'Lorem ipsum dolor sit amet, consectetur adipiscing elit. Proin consectetur ?', 6, 2),
(212, 'Lorem ipsum dolor sit amet, consectetur adipiscing elit. Proin consectetur ?', 3, 1),
(213, 'Lorem ipsum dolor sit amet, consectetur adipiscing elit. Proin consectetur ?', 4, 4),
(214, 'Lorem ipsum dolor sit amet, consectetur adipiscing elit. Proin consectetur ?', 2, 2),
(215, 'Lorem ipsum dolor sit amet, consectetur adipiscing elit. Proin consectetur ?', 6, 3),
(216, 'Lorem ipsum dolor sit amet, consectetur adipiscing elit. Proin consectetur ?', 2, 1),
(217, 'Lorem ipsum dolor sit amet, consectetur adipiscing elit. Proin consectetur ?', 2, 1),
(218, 'Lorem ipsum dolor sit amet, consectetur adipiscing elit. Proin consectetur ?', 2, 2),
(219, 'Lorem ipsum dolor sit amet, consectetur adipiscing elit. Proin consectetur ?', 6, 4),
(220, 'Lorem ipsum dolor sit amet, consectetur adipiscing elit. Proin consectetur ?', 3, 1),
(221, 'Lorem ipsum dolor sit amet, consectetur adipiscing elit. Proin consectetur ?', 3, 3),
(222, 'Lorem ipsum dolor sit amet, consectetur adipiscing elit. Proin consectetur ?', 2, 1),
(223, 'Lorem ipsum dolor sit amet, consectetur adipiscing elit. Proin consectetur ?', 6, 4),
(224, 'Lorem ipsum dolor sit amet, consectetur adipiscing elit. Proin consectetur ?', 4, 3),
(225, 'Lorem ipsum dolor sit amet, consectetur adipiscing elit. Proin consectetur ?', 5, 3),
(226, 'Lorem ipsum dolor sit amet, consectetur adipiscing elit. Proin consectetur ?', 4, 3),
(227, 'Lorem ipsum dolor sit amet, consectetur adipiscing elit. Proin consectetur ?', 4, 1),
(228, 'Lorem ipsum dolor sit amet, consectetur adipiscing elit. Proin consectetur ?', 3, 3),
(229, 'Lorem ipsum dolor sit amet, consectetur adipiscing elit. Proin consectetur ?', 6, 2),
(230, 'Lorem ipsum dolor sit amet, consectetur adipiscing elit. Proin consectetur ?', 6, 1),
(231, 'Lorem ipsum dolor sit amet, consectetur adipiscing elit. Proin consectetur ?', 6, 1),
(232, 'Lorem ipsum dolor sit amet, consectetur adipiscing elit. Proin consectetur ?', 6, 2),
(233, 'Lorem ipsum dolor sit amet, consectetur adipiscing elit. Proin consectetur ?', 6, 2),
(234, 'Lorem ipsum dolor sit amet, consectetur adipiscing elit. Proin consectetur ?', 6, 2),
(235, 'Lorem ipsum dolor sit amet, consectetur adipiscing elit. Proin consectetur ?', 2, 4),
(236, 'Lorem ipsum dolor sit amet, consectetur adipiscing elit. Proin consectetur ?', 3, 1),
(237, 'Lorem ipsum dolor sit amet, consectetur adipiscing elit. Proin consectetur ?', 5, 2),
(238, 'Lorem ipsum dolor sit amet, consectetur adipiscing elit. Proin consectetur ?', 2, 1),
(239, 'Lorem ipsum dolor sit amet, consectetur adipiscing elit. Proin consectetur ?', 2, 3),
(240, 'Lorem ipsum dolor sit amet, consectetur adipiscing elit. Proin consectetur ?', 6, 1),
(241, 'Lorem ipsum dolor sit amet, consectetur adipiscing elit. Proin consectetur ?', 3, 3),
(242, 'Lorem ipsum dolor sit amet, consectetur adipiscing elit. Proin consectetur ?', 5, 4),
(243, 'Lorem ipsum dolor sit amet, consectetur adipiscing elit. Proin consectetur ?', 4, 3),
(244, 'Lorem ipsum dolor sit amet, consectetur adipiscing elit. Proin consectetur ?', 4, 1),
(245, 'Lorem ipsum dolor sit amet, consectetur adipiscing elit. Proin consectetur ?', 3, 4),
(246, 'Lorem ipsum dolor sit amet, consectetur adipiscing elit. Proin consectetur ?', 3, 4),
(247, 'Lorem ipsum dolor sit amet, consectetur adipiscing elit. Proin consectetur ?', 6, 4),
(248, 'Lorem ipsum dolor sit amet, consectetur adipiscing elit. Proin consectetur ?', 4, 1),
(249, 'Lorem ipsum dolor sit amet, consectetur adipiscing elit. Proin consectetur ?', 4, 2),
(250, 'Lorem ipsum dolor sit amet, consectetur adipiscing elit. Proin consectetur ?', 4, 3),
(251, 'Lorem ipsum dolor sit amet, consectetur adipiscing elit. Proin consectetur ?', 2, 3),
(252, 'Lorem ipsum dolor sit amet, consectetur adipiscing elit. Proin consectetur ?', 6, 2),
(253, 'Lorem ipsum dolor sit amet, consectetur adipiscing elit. Proin consectetur ?', 3, 1),
(254, 'Lorem ipsum dolor sit amet, consectetur adipiscing elit. Proin consectetur ?', 3, 4),
(255, 'Lorem ipsum dolor sit amet, consectetur adipiscing elit. Proin consectetur ?', 3, 2),
(256, 'Lorem ipsum dolor sit amet, consectetur adipiscing elit. Proin consectetur ?', 5, 1),
(257, 'Lorem ipsum dolor sit amet, consectetur adipiscing elit. Proin consectetur ?', 4, 3),
(258, 'Lorem ipsum dolor sit amet, consectetur adipiscing elit. Proin consectetur ?', 4, 1),
(259, 'Lorem ipsum dolor sit amet, consectetur adipiscing elit. Proin consectetur ?', 2, 1),
(260, 'Lorem ipsum dolor sit amet, consectetur adipiscing elit. Proin consectetur ?', 4, 3),
(261, 'Lorem ipsum dolor sit amet, consectetur adipiscing elit. Proin consectetur ?', 6, 1),
(262, 'Lorem ipsum dolor sit amet, consectetur adipiscing elit. Proin consectetur ?', 5, 3),
(263, 'Lorem ipsum dolor sit amet, consectetur adipiscing elit. Proin consectetur ?', 5, 1),
(264, 'Lorem ipsum dolor sit amet, consectetur adipiscing elit. Proin consectetur ?', 2, 1),
(265, 'Lorem ipsum dolor sit amet, consectetur adipiscing elit. Proin consectetur ?', 5, 3),
(266, 'Lorem ipsum dolor sit amet, consectetur adipiscing elit. Proin consectetur ?', 2, 2),
(267, 'Lorem ipsum dolor sit amet, consectetur adipiscing elit. Proin consectetur ?', 3, 4),
(268, 'Lorem ipsum dolor sit amet, consectetur adipiscing elit. Proin consectetur ?', 2, 4),
(269, 'Lorem ipsum dolor sit amet, consectetur adipiscing elit. Proin consectetur ?', 5, 4),
(270, 'Lorem ipsum dolor sit amet, consectetur adipiscing elit. Proin consectetur ?', 3, 1),
(271, 'Lorem ipsum dolor sit amet, consectetur adipiscing elit. Proin consectetur ?', 6, 2),
(272, 'Lorem ipsum dolor sit amet, consectetur adipiscing elit. Proin consectetur ?', 3, 2),
(273, 'Lorem ipsum dolor sit amet, consectetur adipiscing elit. Proin consectetur ?', 3, 2),
(274, 'Lorem ipsum dolor sit amet, consectetur adipiscing elit. Proin consectetur ?', 4, 4),
(275, 'Lorem ipsum dolor sit amet, consectetur adipiscing elit. Proin consectetur ?', 4, 4),
(276, 'Lorem ipsum dolor sit amet, consectetur adipiscing elit. Proin consectetur ?', 2, 1),
(277, 'Lorem ipsum dolor sit amet, consectetur adipiscing elit. Proin consectetur ?', 3, 3),
(278, 'Lorem ipsum dolor sit amet, consectetur adipiscing elit. Proin consectetur ?', 6, 2),
(279, 'Lorem ipsum dolor sit amet, consectetur adipiscing elit. Proin consectetur ?', 3, 1),
(280, 'Lorem ipsum dolor sit amet, consectetur adipiscing elit. Proin consectetur ?', 3, 3),
(281, 'Lorem ipsum dolor sit amet, consectetur adipiscing elit. Proin consectetur ?', 5, 4),
(282, 'Lorem ipsum dolor sit amet, consectetur adipiscing elit. Proin consectetur ?', 3, 2),
(283, 'Lorem ipsum dolor sit amet, consectetur adipiscing elit. Proin consectetur ?', 5, 2),
(284, 'Lorem ipsum dolor sit amet, consectetur adipiscing elit. Proin consectetur ?', 4, 3),
(285, 'Lorem ipsum dolor sit amet, consectetur adipiscing elit. Proin consectetur ?', 3, 3),
(286, 'Lorem ipsum dolor sit amet, consectetur adipiscing elit. Proin consectetur ?', 4, 4),
(287, 'Lorem ipsum dolor sit amet, consectetur adipiscing elit. Proin consectetur ?', 5, 2),
(288, 'Lorem ipsum dolor sit amet, consectetur adipiscing elit. Proin consectetur ?', 2, 4),
(289, 'Lorem ipsum dolor sit amet, consectetur adipiscing elit. Proin consectetur ?', 5, 2),
(290, 'Lorem ipsum dolor sit amet, consectetur adipiscing elit. Proin consectetur ?', 2, 2),
(291, 'Lorem ipsum dolor sit amet, consectetur adipiscing elit. Proin consectetur ?', 6, 1),
(292, 'Lorem ipsum dolor sit amet, consectetur adipiscing elit. Proin consectetur ?', 2, 2),
(293, 'Lorem ipsum dolor sit amet, consectetur adipiscing elit. Proin consectetur ?', 3, 3),
(294, 'Lorem ipsum dolor sit amet, consectetur adipiscing elit. Proin consectetur ?', 2, 2),
(295, 'Lorem ipsum dolor sit amet, consectetur adipiscing elit. Proin consectetur ?', 3, 4),
(296, 'Lorem ipsum dolor sit amet, consectetur adipiscing elit. Proin consectetur ?', 6, 3),
(297, 'Lorem ipsum dolor sit amet, consectetur adipiscing elit. Proin consectetur ?', 2, 4),
(298, 'Lorem ipsum dolor sit amet, consectetur adipiscing elit. Proin consectetur ?', 6, 2),
(299, 'Lorem ipsum dolor sit amet, consectetur adipiscing elit. Proin consectetur ?', 5, 4),
(300, 'Lorem ipsum dolor sit amet, consectetur adipiscing elit. Proin consectetur ?', 4, 3),
(301, 'Lorem ipsum dolor sit amet, consectetur adipiscing elit. Proin consectetur ?', 4, 2),
(302, 'Lorem ipsum dolor sit amet, consectetur adipiscing elit. Proin consectetur ?', 2, 4),
(303, 'Lorem ipsum dolor sit amet, consectetur adipiscing elit. Proin consectetur ?', 2, 4),
(304, 'Lorem ipsum dolor sit amet, consectetur adipiscing elit. Proin consectetur ?', 5, 1),
(305, 'Lorem ipsum dolor sit amet, consectetur adipiscing elit. Proin consectetur ?', 4, 4),
(306, 'Lorem ipsum dolor sit amet, consectetur adipiscing elit. Proin consectetur ?', 2, 4),
(307, 'Lorem ipsum dolor sit amet, consectetur adipiscing elit. Proin consectetur ?', 6, 2),
(308, 'Lorem ipsum dolor sit amet, consectetur adipiscing elit. Proin consectetur ?', 2, 4),
(309, 'Lorem ipsum dolor sit amet, consectetur adipiscing elit. Proin consectetur ?', 5, 2),
(310, 'Lorem ipsum dolor sit amet, consectetur adipiscing elit. Proin consectetur ?', 3, 1),
(311, 'Lorem ipsum dolor sit amet, consectetur adipiscing elit. Proin consectetur ?', 4, 3),
(312, 'Lorem ipsum dolor sit amet, consectetur adipiscing elit. Proin consectetur ?', 5, 2),
(313, 'Lorem ipsum dolor sit amet, consectetur adipiscing elit. Proin consectetur ?', 4, 3),
(314, 'Lorem ipsum dolor sit amet, consectetur adipiscing elit. Proin consectetur ?', 6, 1),
(315, 'Lorem ipsum dolor sit amet, consectetur adipiscing elit. Proin consectetur ?', 2, 1),
(316, 'Lorem ipsum dolor sit amet, consectetur adipiscing elit. Proin consectetur ?', 4, 2),
(317, 'Lorem ipsum dolor sit amet, consectetur adipiscing elit. Proin consectetur ?', 2, 3),
(318, 'Lorem ipsum dolor sit amet, consectetur adipiscing elit. Proin consectetur ?', 4, 4),
(319, 'Lorem ipsum dolor sit amet, consectetur adipiscing elit. Proin consectetur ?', 2, 3),
(320, 'Lorem ipsum dolor sit amet, consectetur adipiscing elit. Proin consectetur ?', 5, 1);

-- --------------------------------------------------------

--
-- Structure de la table `question_has_serie`
--

CREATE TABLE `question_has_serie` (
  `id` int(11) NOT NULL,
  `question_id` int(11) NOT NULL,
  `serie_id` int(11) NOT NULL,
  `question_order` int(11) NOT NULL
) ENGINE=InnoDB DEFAULT CHARSET=utf8mb4;

--
-- Déchargement des données de la table `question_has_serie`
--

INSERT INTO `question_has_serie` (`id`, `question_id`, `serie_id`, `question_order`) VALUES
(1, 200, 1, 1),
(2, 317, 1, 2),
(3, 249, 1, 3),
(4, 310, 1, 4),
(5, 272, 1, 5),
(6, 109, 1, 6),
(7, 72, 1, 7),
(8, 285, 1, 8),
(9, 93, 1, 9),
(10, 158, 1, 10),
(11, 11, 1, 11),
(12, 270, 1, 12),
(13, 287, 1, 13),
(14, 24, 1, 14),
(15, 81, 1, 15),
(16, 173, 1, 16),
(17, 91, 1, 17),
(18, 252, 1, 18),
(19, 169, 1, 19),
(20, 13, 1, 20),
(21, 229, 1, 21),
(22, 272, 1, 22),
(23, 208, 1, 23),
(24, 205, 1, 24),
(25, 38, 1, 25),
(26, 311, 1, 26),
(27, 156, 1, 27),
(28, 53, 1, 28),
(29, 135, 1, 29),
(30, 142, 1, 30),
(31, 318, 1, 31),
(32, 134, 1, 32),
(33, 113, 1, 33),
(34, 264, 1, 34),
(35, 240, 1, 35),
(36, 135, 1, 36),
(37, 168, 1, 37),
(38, 151, 1, 38),
(39, 108, 1, 39),
(40, 258, 1, 40),
(41, 319, 2, 1),
(42, 35, 2, 2),
(43, 86, 2, 3),
(44, 295, 2, 4),
(45, 248, 2, 5),
(46, 301, 2, 6),
(47, 61, 2, 7),
(48, 80, 2, 8),
(49, 132, 2, 9),
(50, 250, 2, 10),
(51, 307, 2, 11),
(52, 251, 2, 12),
(53, 2, 2, 13),
(54, 288, 2, 14),
(55, 49, 2, 15),
(56, 16, 2, 16),
(57, 53, 2, 17),
(58, 179, 2, 18),
(59, 187, 2, 19),
(60, 82, 2, 20),
(61, 210, 2, 21),
(62, 305, 2, 22),
(63, 148, 2, 23),
(64, 41, 2, 24),
(65, 318, 2, 25),
(66, 133, 2, 26),
(67, 19, 2, 27),
(68, 267, 2, 28),
(69, 128, 2, 29),
(70, 7, 2, 30),
(71, 150, 2, 31),
(72, 7, 2, 32),
(73, 16, 2, 33),
(74, 226, 2, 34),
(75, 205, 2, 35),
(76, 99, 2, 36),
(77, 146, 2, 37),
(78, 156, 2, 38),
(79, 194, 2, 39),
(80, 70, 2, 40),
(81, 168, 3, 1),
(82, 230, 3, 2),
(83, 228, 3, 3),
(84, 80, 3, 4),
(85, 298, 3, 5),
(86, 256, 3, 6),
(87, 180, 3, 7),
(88, 315, 3, 8),
(89, 201, 3, 9),
(90, 150, 3, 10),
(91, 260, 3, 11),
(92, 230, 3, 12),
(93, 302, 3, 13),
(94, 45, 3, 14),
(95, 71, 3, 15),
(96, 189, 3, 16),
(97, 177, 3, 17),
(98, 61, 3, 18),
(99, 111, 3, 19),
(100, 46, 3, 20),
(101, 240, 3, 21),
(102, 127, 3, 22),
(103, 320, 3, 23),
(104, 176, 3, 24),
(105, 282, 3, 25),
(106, 232, 3, 26),
(107, 97, 3, 27),
(108, 195, 3, 28),
(109, 19, 3, 29),
(110, 223, 3, 30),
(111, 110, 3, 31),
(112, 36, 3, 32),
(113, 74, 3, 33),
(114, 9, 3, 34),
(115, 125, 3, 35),
(116, 274, 3, 36),
(117, 318, 3, 37),
(118, 120, 3, 38),
(119, 306, 3, 39),
(120, 155, 3, 40),
(121, 283, 4, 1),
(122, 68, 4, 2),
(123, 134, 4, 3),
(124, 184, 4, 4),
(125, 316, 4, 5),
(126, 153, 4, 6),
(127, 88, 4, 7),
(128, 169, 4, 8),
(129, 122, 4, 9),
(130, 8, 4, 10),
(131, 160, 4, 11),
(132, 235, 4, 12),
(133, 293, 4, 13),
(134, 145, 4, 14),
(135, 63, 4, 15),
(136, 305, 4, 16),
(137, 92, 4, 17),
(138, 260, 4, 18),
(139, 21, 4, 19),
(140, 302, 4, 20),
(141, 314, 4, 21),
(142, 189, 4, 22),
(143, 129, 4, 23),
(144, 41, 4, 24),
(145, 312, 4, 25),
(146, 224, 4, 26),
(147, 197, 4, 27),
(148, 162, 4, 28),
(149, 71, 4, 29),
(150, 2, 4, 30),
(151, 153, 4, 31),
(152, 54, 4, 32),
(153, 254, 4, 33),
(154, 310, 4, 34),
(155, 175, 4, 35),
(156, 102, 4, 36),
(157, 269, 4, 37),
(158, 287, 4, 38),
(159, 75, 4, 39),
(160, 131, 4, 40),
(161, 107, 5, 1),
(162, 106, 5, 2),
(163, 36, 5, 3),
(164, 119, 5, 4),
(165, 97, 5, 5),
(166, 279, 5, 6),
(167, 240, 5, 7),
(168, 80, 5, 8),
(169, 132, 5, 9),
(170, 312, 5, 10),
(171, 33, 5, 11),
(172, 67, 5, 12),
(173, 284, 5, 13),
(174, 111, 5, 14),
(175, 152, 5, 15),
(176, 90, 5, 16),
(177, 71, 5, 17),
(178, 86, 5, 18),
(179, 206, 5, 19),
(180, 313, 5, 20),
(181, 7, 5, 21),
(182, 320, 5, 22),
(183, 55, 5, 23),
(184, 250, 5, 24),
(185, 121, 5, 25),
(186, 181, 5, 26),
(187, 128, 5, 27),
(188, 159, 5, 28),
(189, 309, 5, 29),
(190, 158, 5, 30),
(191, 114, 5, 31),
(192, 191, 5, 32),
(193, 187, 5, 33),
(194, 244, 5, 34),
(195, 80, 5, 35),
(196, 260, 5, 36),
(197, 129, 5, 37),
(198, 64, 5, 38),
(199, 172, 5, 39),
(200, 249, 5, 40),
(201, 298, 6, 1),
(202, 250, 6, 2),
(203, 241, 6, 3),
(204, 205, 6, 4),
(205, 91, 6, 5),
(206, 209, 6, 6),
(207, 56, 6, 7),
(208, 88, 6, 8),
(209, 48, 6, 9),
(210, 171, 6, 10),
(211, 139, 6, 11),
(212, 102, 6, 12),
(213, 127, 6, 13),
(214, 210, 6, 14),
(215, 191, 6, 15),
(216, 270, 6, 16),
(217, 277, 6, 17),
(218, 123, 6, 18),
(219, 52, 6, 19),
(220, 224, 6, 20),
(221, 95, 6, 21),
(222, 203, 6, 22),
(223, 6, 6, 23),
(224, 29, 6, 24),
(225, 2, 6, 25),
(226, 179, 6, 26),
(227, 166, 6, 27),
(228, 14, 6, 28),
(229, 94, 6, 29),
(230, 214, 6, 30),
(231, 110, 6, 31),
(232, 205, 6, 32),
(233, 97, 6, 33),
(234, 296, 6, 34),
(235, 89, 6, 35),
(236, 14, 6, 36),
(237, 102, 6, 37),
(238, 72, 6, 38),
(239, 3, 6, 39),
(240, 167, 6, 40),
(241, 107, 7, 1),
(242, 82, 7, 2),
(243, 264, 7, 3),
(244, 71, 7, 4),
(245, 160, 7, 5),
(246, 139, 7, 6),
(247, 125, 7, 7),
(248, 276, 7, 8),
(249, 61, 7, 9),
(250, 278, 7, 10),
(251, 12, 7, 11),
(252, 284, 7, 12),
(253, 186, 7, 13),
(254, 7, 7, 14),
(255, 244, 7, 15),
(256, 301, 7, 16),
(257, 194, 7, 17),
(258, 101, 7, 18),
(259, 277, 7, 19),
(260, 252, 7, 20),
(261, 311, 7, 21),
(262, 278, 7, 22),
(263, 205, 7, 23),
(264, 151, 7, 24),
(265, 119, 7, 25),
(266, 244, 7, 26),
(267, 2, 7, 27),
(268, 101, 7, 28),
(269, 5, 7, 29),
(270, 198, 7, 30),
(271, 216, 7, 31),
(272, 44, 7, 32),
(273, 165, 7, 33),
(274, 307, 7, 34),
(275, 88, 7, 35),
(276, 109, 7, 36),
(277, 161, 7, 37),
(278, 95, 7, 38),
(279, 14, 7, 39),
(280, 220, 7, 40),
(281, 220, 8, 1),
(282, 262, 8, 2),
(283, 13, 8, 3),
(284, 250, 8, 4),
(285, 188, 8, 5),
(286, 133, 8, 6),
(287, 278, 8, 7),
(288, 73, 8, 8),
(289, 245, 8, 9),
(290, 99, 8, 10),
(291, 246, 8, 11),
(292, 102, 8, 12),
(293, 8, 8, 13),
(294, 142, 8, 14),
(295, 44, 8, 15),
(296, 195, 8, 16),
(297, 274, 8, 17),
(298, 45, 8, 18),
(299, 207, 8, 19),
(300, 270, 8, 20),
(301, 243, 8, 21),
(302, 215, 8, 22),
(303, 267, 8, 23),
(304, 121, 8, 24),
(305, 201, 8, 25),
(306, 87, 8, 26),
(307, 229, 8, 27),
(308, 27, 8, 28),
(309, 194, 8, 29),
(310, 118, 8, 30),
(311, 79, 8, 31),
(312, 159, 8, 32),
(313, 152, 8, 33),
(314, 231, 8, 34),
(315, 312, 8, 35),
(316, 22, 8, 36),
(317, 129, 8, 37),
(318, 298, 8, 38),
(319, 87, 8, 39),
(320, 320, 8, 40),
(321, 109, 9, 1),
(322, 13, 9, 2),
(323, 39, 9, 3),
(324, 207, 9, 4),
(325, 87, 9, 5),
(326, 291, 9, 6),
(327, 179, 9, 7),
(328, 256, 9, 8),
(329, 171, 9, 9),
(330, 110, 9, 10),
(331, 300, 9, 11),
(332, 226, 9, 12),
(333, 299, 9, 13),
(334, 104, 9, 14),
(335, 240, 9, 15),
(336, 258, 9, 16),
(337, 179, 9, 17),
(338, 118, 9, 18),
(339, 41, 9, 19),
(340, 274, 9, 20),
(341, 40, 9, 21),
(342, 37, 9, 22),
(343, 122, 9, 23),
(344, 50, 9, 24),
(345, 84, 9, 25),
(346, 12, 9, 26),
(347, 137, 9, 27),
(348, 94, 9, 28),
(349, 53, 9, 29),
(350, 28, 9, 30),
(351, 286, 9, 31),
(352, 129, 9, 32),
(353, 309, 9, 33),
(354, 222, 9, 34),
(355, 34, 9, 35),
(356, 249, 9, 36),
(357, 306, 9, 37),
(358, 91, 9, 38),
(359, 203, 9, 39),
(360, 272, 9, 40),
(361, 37, 10, 1),
(362, 301, 10, 2),
(363, 250, 10, 3),
(364, 221, 10, 4),
(365, 240, 10, 5),
(366, 134, 10, 6),
(367, 137, 10, 7),
(368, 298, 10, 8),
(369, 246, 10, 9),
(370, 243, 10, 10),
(371, 228, 10, 11),
(372, 166, 10, 12),
(373, 74, 10, 13),
(374, 21, 10, 14),
(375, 276, 10, 15),
(376, 46, 10, 16),
(377, 41, 10, 17),
(378, 77, 10, 18),
(379, 121, 10, 19),
(380, 105, 10, 20),
(381, 313, 10, 21),
(382, 27, 10, 22),
(383, 75, 10, 23),
(384, 234, 10, 24),
(385, 216, 10, 25),
(386, 171, 10, 26),
(387, 76, 10, 27),
(388, 185, 10, 28),
(389, 134, 10, 29),
(390, 260, 10, 30),
(391, 129, 10, 31),
(392, 149, 10, 32),
(393, 205, 10, 33),
(394, 104, 10, 34),
(395, 70, 10, 35),
(396, 52, 10, 36),
(397, 320, 10, 37),
(398, 46, 10, 38),
(399, 276, 10, 39),
(400, 57, 10, 40),
(401, 52, 11, 1),
(402, 185, 11, 2),
(403, 275, 11, 3),
(404, 206, 11, 4),
(405, 186, 11, 5),
(406, 105, 11, 6),
(407, 253, 11, 7),
(408, 180, 11, 8),
(409, 200, 11, 9),
(410, 212, 11, 10),
(411, 271, 11, 11),
(412, 270, 11, 12),
(413, 35, 11, 13),
(414, 82, 11, 14),
(415, 295, 11, 15),
(416, 106, 11, 16),
(417, 20, 11, 17),
(418, 176, 11, 18),
(419, 274, 11, 19),
(420, 185, 11, 20),
(421, 54, 11, 21),
(422, 88, 11, 22),
(423, 131, 11, 23),
(424, 122, 11, 24),
(425, 193, 11, 25),
(426, 158, 11, 26),
(427, 174, 11, 27),
(428, 313, 11, 28),
(429, 168, 11, 29),
(430, 141, 11, 30),
(431, 155, 11, 31),
(432, 246, 11, 32),
(433, 156, 11, 33),
(434, 122, 11, 34),
(435, 293, 11, 35),
(436, 316, 11, 36),
(437, 196, 11, 37),
(438, 24, 11, 38),
(439, 12, 11, 39),
(440, 241, 11, 40),
(441, 228, 12, 1),
(442, 120, 12, 2),
(443, 206, 12, 3),
(444, 155, 12, 4),
(445, 123, 12, 5),
(446, 74, 12, 6),
(447, 289, 12, 7),
(448, 248, 12, 8),
(449, 141, 12, 9),
(450, 233, 12, 10),
(451, 191, 12, 11),
(452, 271, 12, 12),
(453, 62, 12, 13),
(454, 184, 12, 14),
(455, 267, 12, 15),
(456, 140, 12, 16),
(457, 273, 12, 17),
(458, 228, 12, 18),
(459, 115, 12, 19),
(460, 271, 12, 20),
(461, 257, 12, 21),
(462, 233, 12, 22),
(463, 90, 12, 23),
(464, 222, 12, 24),
(465, 95, 12, 25),
(466, 179, 12, 26),
(467, 152, 12, 27),
(468, 217, 12, 28),
(469, 60, 12, 29),
(470, 272, 12, 30),
(471, 8, 12, 31),
(472, 53, 12, 32),
(473, 183, 12, 33),
(474, 280, 12, 34),
(475, 79, 12, 35),
(476, 188, 12, 36),
(477, 96, 12, 37),
(478, 225, 12, 38),
(479, 223, 12, 39),
(480, 98, 12, 40),
(481, 187, 13, 1),
(482, 168, 13, 2),
(483, 214, 13, 3),
(484, 222, 13, 4),
(485, 218, 13, 5),
(486, 3, 13, 6),
(487, 292, 13, 7),
(488, 95, 13, 8),
(489, 117, 13, 9),
(490, 280, 13, 10),
(491, 54, 13, 11),
(492, 80, 13, 12),
(493, 191, 13, 13),
(494, 166, 13, 14),
(495, 88, 13, 15),
(496, 55, 13, 16),
(497, 214, 13, 17),
(498, 81, 13, 18),
(499, 120, 13, 19),
(500, 271, 13, 20),
(501, 24, 13, 21),
(502, 247, 13, 22),
(503, 70, 13, 23),
(504, 301, 13, 24),
(505, 50, 13, 25),
(506, 242, 13, 26),
(507, 93, 13, 27),
(508, 123, 13, 28),
(509, 170, 13, 29),
(510, 187, 13, 30),
(511, 316, 13, 31),
(512, 292, 13, 32),
(513, 228, 13, 33),
(514, 209, 13, 34),
(515, 104, 13, 35),
(516, 89, 13, 36),
(517, 3, 13, 37),
(518, 160, 13, 38),
(519, 152, 13, 39),
(520, 159, 13, 40),
(521, 191, 14, 1),
(522, 143, 14, 2),
(523, 198, 14, 3),
(524, 138, 14, 4),
(525, 32, 14, 5),
(526, 262, 14, 6),
(527, 4, 14, 7),
(528, 110, 14, 8),
(529, 268, 14, 9),
(530, 300, 14, 10),
(531, 112, 14, 11),
(532, 47, 14, 12),
(533, 290, 14, 13),
(534, 65, 14, 14),
(535, 64, 14, 15),
(536, 8, 14, 16),
(537, 286, 14, 17),
(538, 175, 14, 18),
(539, 282, 14, 19),
(540, 84, 14, 20),
(541, 279, 14, 21),
(542, 101, 14, 22),
(543, 203, 14, 23),
(544, 215, 14, 24),
(545, 117, 14, 25),
(546, 271, 14, 26),
(547, 37, 14, 27),
(548, 235, 14, 28),
(549, 32, 14, 29),
(550, 17, 14, 30),
(551, 208, 14, 31),
(552, 177, 14, 32),
(553, 102, 14, 33),
(554, 28, 14, 34),
(555, 283, 14, 35),
(556, 109, 14, 36),
(557, 317, 14, 37),
(558, 78, 14, 38),
(559, 115, 14, 39),
(560, 320, 14, 40),
(561, 307, 15, 1),
(562, 215, 15, 2),
(563, 51, 15, 3),
(564, 252, 15, 4),
(565, 235, 15, 5),
(566, 318, 15, 6),
(567, 276, 15, 7),
(568, 146, 15, 8),
(569, 150, 15, 9),
(570, 45, 15, 10),
(571, 111, 15, 11),
(572, 198, 15, 12),
(573, 50, 15, 13),
(574, 87, 15, 14),
(575, 12, 15, 15),
(576, 286, 15, 16),
(577, 275, 15, 17),
(578, 35, 15, 18),
(579, 36, 15, 19),
(580, 220, 15, 20),
(581, 181, 15, 21),
(582, 189, 15, 22),
(583, 68, 15, 23),
(584, 42, 15, 24),
(585, 315, 15, 25),
(586, 84, 15, 26),
(587, 78, 15, 27),
(588, 317, 15, 28),
(589, 250, 15, 29),
(590, 319, 15, 30),
(591, 91, 15, 31),
(592, 162, 15, 32),
(593, 117, 15, 33),
(594, 45, 15, 34),
(595, 284, 15, 35),
(596, 91, 15, 36),
(597, 219, 15, 37),
(598, 229, 15, 38),
(599, 261, 15, 39),
(600, 289, 15, 40),
(601, 137, 16, 1),
(602, 273, 16, 2),
(603, 28, 16, 3),
(604, 174, 16, 4),
(605, 165, 16, 5),
(606, 64, 16, 6),
(607, 226, 16, 7),
(608, 212, 16, 8),
(609, 300, 16, 9),
(610, 51, 16, 10),
(611, 264, 16, 11),
(612, 222, 16, 12),
(613, 39, 16, 13),
(614, 215, 16, 14),
(615, 320, 16, 15),
(616, 109, 16, 16),
(617, 192, 16, 17),
(618, 136, 16, 18),
(619, 197, 16, 19),
(620, 162, 16, 20),
(621, 225, 16, 21),
(622, 241, 16, 22),
(623, 114, 16, 23),
(624, 212, 16, 24),
(625, 277, 16, 25),
(626, 217, 16, 26),
(627, 225, 16, 27),
(628, 83, 16, 28),
(629, 110, 16, 29),
(630, 190, 16, 30),
(631, 58, 16, 31),
(632, 33, 16, 32),
(633, 72, 16, 33),
(634, 94, 16, 34),
(635, 79, 16, 35),
(636, 128, 16, 36),
(637, 173, 16, 37),
(638, 90, 16, 38),
(639, 134, 16, 39),
(640, 92, 16, 40),
(641, 103, 17, 1),
(642, 128, 17, 2),
(643, 209, 17, 3),
(644, 122, 17, 4),
(645, 216, 17, 5),
(646, 107, 17, 6),
(647, 2, 17, 7),
(648, 46, 17, 8),
(649, 156, 17, 9),
(650, 121, 17, 10),
(651, 133, 17, 11),
(652, 303, 17, 12),
(653, 238, 17, 13),
(654, 97, 17, 14),
(655, 161, 17, 15),
(656, 80, 17, 16),
(657, 318, 17, 17),
(658, 310, 17, 18),
(659, 240, 17, 19),
(660, 258, 17, 20),
(661, 314, 17, 21),
(662, 296, 17, 22),
(663, 176, 17, 23),
(664, 282, 17, 24),
(665, 71, 17, 25),
(666, 208, 17, 26),
(667, 229, 17, 27),
(668, 54, 17, 28),
(669, 110, 17, 29),
(670, 136, 17, 30),
(671, 115, 17, 31),
(672, 162, 17, 32),
(673, 10, 17, 33),
(674, 283, 17, 34),
(675, 203, 17, 35),
(676, 244, 17, 36),
(677, 114, 17, 37),
(678, 177, 17, 38),
(679, 58, 17, 39),
(680, 84, 17, 40),
(681, 181, 18, 1),
(682, 48, 18, 2),
(683, 223, 18, 3),
(684, 292, 18, 4),
(685, 137, 18, 5),
(686, 109, 18, 6),
(687, 57, 18, 7),
(688, 56, 18, 8),
(689, 27, 18, 9),
(690, 276, 18, 10),
(691, 256, 18, 11),
(692, 136, 18, 12),
(693, 306, 18, 13),
(694, 46, 18, 14),
(695, 214, 18, 15),
(696, 149, 18, 16),
(697, 280, 18, 17),
(698, 252, 18, 18),
(699, 54, 18, 19),
(700, 56, 18, 20),
(701, 100, 18, 21),
(702, 82, 18, 22),
(703, 272, 18, 23),
(704, 238, 18, 24),
(705, 126, 18, 25),
(706, 200, 18, 26),
(707, 251, 18, 27),
(708, 231, 18, 28),
(709, 209, 18, 29),
(710, 304, 18, 30),
(711, 255, 18, 31),
(712, 8, 18, 32),
(713, 175, 18, 33),
(714, 18, 18, 34),
(715, 188, 18, 35),
(716, 47, 18, 36),
(717, 190, 18, 37),
(718, 299, 18, 38),
(719, 52, 18, 39),
(720, 74, 18, 40),
(721, 6, 19, 1),
(722, 65, 19, 2),
(723, 101, 19, 3),
(724, 227, 19, 4),
(725, 231, 19, 5),
(726, 320, 19, 6),
(727, 180, 19, 7),
(728, 211, 19, 8),
(729, 65, 19, 9),
(730, 131, 19, 10),
(731, 297, 19, 11),
(732, 19, 19, 12),
(733, 38, 19, 13),
(734, 289, 19, 14),
(735, 275, 19, 15),
(736, 36, 19, 16),
(737, 197, 19, 17),
(738, 25, 19, 18),
(739, 64, 19, 19),
(740, 35, 19, 20),
(741, 143, 19, 21),
(742, 231, 19, 22),
(743, 229, 19, 23),
(744, 111, 19, 24),
(745, 15, 19, 25),
(746, 53, 19, 26),
(747, 99, 19, 27),
(748, 136, 19, 28),
(749, 36, 19, 29),
(750, 191, 19, 30),
(751, 134, 19, 31),
(752, 211, 19, 32),
(753, 35, 19, 33),
(754, 51, 19, 34),
(755, 261, 19, 35),
(756, 261, 19, 36),
(757, 270, 19, 37),
(758, 218, 19, 38),
(759, 55, 19, 39),
(760, 102, 19, 40),
(761, 203, 20, 1),
(762, 163, 20, 2),
(763, 247, 20, 3),
(764, 191, 20, 4),
(765, 108, 20, 5),
(766, 300, 20, 6),
(767, 79, 20, 7),
(768, 60, 20, 8),
(769, 81, 20, 9),
(770, 262, 20, 10),
(771, 30, 20, 11),
(772, 290, 20, 12),
(773, 148, 20, 13),
(774, 58, 20, 14),
(775, 218, 20, 15),
(776, 118, 20, 16),
(777, 246, 20, 17),
(778, 206, 20, 18),
(779, 207, 20, 19),
(780, 140, 20, 20),
(781, 83, 20, 21),
(782, 127, 20, 22),
(783, 78, 20, 23),
(784, 171, 20, 24),
(785, 277, 20, 25),
(786, 164, 20, 26),
(787, 25, 20, 27),
(788, 249, 20, 28),
(789, 90, 20, 29),
(790, 48, 20, 30),
(791, 265, 20, 31),
(792, 74, 20, 32),
(793, 52, 20, 33),
(794, 279, 20, 34),
(795, 141, 20, 35),
(796, 188, 20, 36),
(797, 303, 20, 37),
(798, 69, 20, 38),
(799, 234, 20, 39),
(800, 106, 20, 40),
(801, 39, 21, 1),
(802, 225, 21, 2),
(803, 209, 21, 3),
(804, 82, 21, 4),
(805, 100, 21, 5),
(806, 34, 21, 6),
(807, 251, 21, 7),
(808, 301, 21, 8),
(809, 11, 21, 9),
(810, 282, 21, 10),
(811, 129, 21, 11),
(812, 40, 21, 12),
(813, 16, 21, 13),
(814, 211, 21, 14),
(815, 32, 21, 15),
(816, 58, 21, 16),
(817, 176, 21, 17),
(818, 28, 21, 18),
(819, 306, 21, 19),
(820, 234, 21, 20),
(821, 288, 21, 21),
(822, 172, 21, 22),
(823, 92, 21, 23),
(824, 286, 21, 24),
(825, 112, 21, 25),
(826, 320, 21, 26),
(827, 41, 21, 27),
(828, 52, 21, 28),
(829, 104, 21, 29),
(830, 1, 21, 30),
(831, 17, 21, 31),
(832, 47, 21, 32),
(833, 304, 21, 33),
(834, 131, 21, 34),
(835, 139, 21, 35),
(836, 214, 21, 36),
(837, 13, 21, 37),
(838, 121, 21, 38),
(839, 57, 21, 39),
(840, 255, 21, 40),
(841, 57, 22, 1),
(842, 165, 22, 2),
(843, 2, 22, 3),
(844, 190, 22, 4),
(845, 138, 22, 5),
(846, 130, 22, 6),
(847, 107, 22, 7),
(848, 136, 22, 8),
(849, 252, 22, 9),
(850, 9, 22, 10),
(851, 279, 22, 11),
(852, 272, 22, 12),
(853, 5, 22, 13),
(854, 158, 22, 14),
(855, 168, 22, 15),
(856, 262, 22, 16),
(857, 315, 22, 17),
(858, 185, 22, 18),
(859, 220, 22, 19),
(860, 112, 22, 20),
(861, 30, 22, 21),
(862, 8, 22, 22),
(863, 94, 22, 23),
(864, 113, 22, 24),
(865, 313, 22, 25),
(866, 270, 22, 26),
(867, 80, 22, 27),
(868, 252, 22, 28),
(869, 311, 22, 29),
(870, 146, 22, 30),
(871, 249, 22, 31),
(872, 129, 22, 32),
(873, 294, 22, 33),
(874, 175, 22, 34),
(875, 268, 22, 35),
(876, 13, 22, 36),
(877, 56, 22, 37),
(878, 308, 22, 38),
(879, 235, 22, 39),
(880, 89, 22, 40),
(881, 48, 23, 1),
(882, 130, 23, 2),
(883, 123, 23, 3),
(884, 61, 23, 4),
(885, 82, 23, 5),
(886, 39, 23, 6),
(887, 247, 23, 7),
(888, 106, 23, 8),
(889, 125, 23, 9),
(890, 242, 23, 10),
(891, 69, 23, 11),
(892, 116, 23, 12),
(893, 58, 23, 13),
(894, 81, 23, 14),
(895, 240, 23, 15),
(896, 122, 23, 16),
(897, 187, 23, 17),
(898, 42, 23, 18),
(899, 68, 23, 19),
(900, 145, 23, 20),
(901, 222, 23, 21),
(902, 156, 23, 22),
(903, 5, 23, 23),
(904, 99, 23, 24),
(905, 157, 23, 25),
(906, 36, 23, 26),
(907, 320, 23, 27),
(908, 122, 23, 28),
(909, 245, 23, 29),
(910, 238, 23, 30),
(911, 16, 23, 31),
(912, 228, 23, 32),
(913, 265, 23, 33),
(914, 107, 23, 34),
(915, 143, 23, 35),
(916, 278, 23, 36),
(917, 158, 23, 37),
(918, 151, 23, 38),
(919, 221, 23, 39),
(920, 176, 23, 40);

-- --------------------------------------------------------

--
-- Structure de la table `serie`
--

CREATE TABLE `serie` (
  `id` int(11) NOT NULL,
  `cd_rom_id` int(11) NOT NULL,
  `cd_rom_serie_number` int(11) NOT NULL
) ENGINE=InnoDB DEFAULT CHARSET=utf8mb4;

--
-- Déchargement des données de la table `serie`
--

INSERT INTO `serie` (`id`, `cd_rom_id`, `cd_rom_serie_number`) VALUES
(1, 1, 3),
(2, 2, 5),
(3, 2, 3),
(4, 3, 5),
(5, 3, 4),
(6, 2, 1),
(7, 2, 5),
(8, 3, 6),
(9, 2, 2),
(10, 3, 5),
(11, 2, 2),
(12, 2, 4),
(13, 1, 1),
(14, 2, 1),
(15, 3, 3),
(16, 3, 2),
(17, 2, 5),
(18, 3, 2),
(19, 2, 3),
(20, 3, 5),
(21, 2, 2),
(22, 3, 5),
(23, 3, 2);

-- --------------------------------------------------------

--
-- Structure de la table `session`
--

CREATE TABLE `session` (
  `id` int(11) NOT NULL,
  `date` date NOT NULL,
  `serie_id` int(11) NOT NULL
) ENGINE=InnoDB DEFAULT CHARSET=utf8mb4;

--
-- Déchargement des données de la table `session`
--

INSERT INTO `session` (`id`, `date`, `serie_id`) VALUES
(5, '2021-02-10', 1),
(6, '2021-06-11', 2),
(7, '2021-10-10', 3),
(8, '2021-10-20', 4),
(9, '2021-12-06', 3),
(10, '2021-12-07', 5),
(11, '2021-12-04', 1),
(12, '2021-12-07', 15),
(13, '2021-12-17', 16),
(14, '2021-12-13', 19),
(15, '2021-12-14', 19),
(16, '2021-12-15', 5),
(17, '2021-12-01', 4),
(18, '2021-12-05', 4),
(19, '2021-11-19', 6),
(20, '2021-12-11', 22),
(21, '2021-12-07', 5),
(22, '2021-11-24', 19),
(23, '2021-11-28', 21);

-- --------------------------------------------------------

--
-- Structure de la table `student`
--

CREATE TABLE `student` (
  `id` int(11) NOT NULL,
  `firstname` varchar(80) NOT NULL,
  `lastname` varchar(80) NOT NULL,
  `adress` text NOT NULL,
  `birthday` date NOT NULL
) ENGINE=InnoDB DEFAULT CHARSET=utf8mb4;

--
-- Déchargement des données de la table `student`
--

INSERT INTO `student` (`id`, `firstname`, `lastname`, `adress`, `birthday`) VALUES
(1, 'Ario', 'Ngu', 'Lyon', '1995-02-12'),
(2, 'Godeline', 'Boy', 'Ternand', '1982-01-10'),
(3, 'Benjamin', 'Prevel', 'Lyon', '1988-04-05'),
(4, 'Camille', 'Frelat', 'Lyon', '1990-02-12'),
(5, 'Anthony', 'Charretier', 'Montrottier', '1985-11-11'),
(6, 'Camille ', 'Lucas', 'Lyon', '1987-12-12'),
(7, 'Adam', 'Roux', 'Lyon', '1990-10-08');

-- --------------------------------------------------------

--
-- Structure de la table `student_has_exam`
--

CREATE TABLE `student_has_exam` (
  `id` int(11) NOT NULL,
  `student_id` int(11) NOT NULL,
  `examen_id` int(11) NOT NULL,
  `grade` int(11) NOT NULL
) ENGINE=InnoDB DEFAULT CHARSET=utf8mb4;

--
-- Déchargement des données de la table `student_has_exam`
--

INSERT INTO `student_has_exam` (`id`, `student_id`, `examen_id`, `grade`) VALUES
(1, 1, 1, 38),
(2, 2, 3, 38),
(3, 3, 8, 34),
(4, 4, 3, 38),
(5, 5, 9, 32),
(7, 7, 9, 35),
(8, 6, 5, 37),
(9, 3, 9, 39),
(10, 5, 10, 39);

-- --------------------------------------------------------

--
-- Structure de la table `student_has_session`
--

CREATE TABLE `student_has_session` (
  `id` int(11) NOT NULL,
  `student_id` int(11) NOT NULL,
  `session_id` int(11) NOT NULL,
  `grade` int(11) NOT NULL
) ENGINE=InnoDB DEFAULT CHARSET=utf8mb4;

--
-- Déchargement des données de la table `student_has_session`
--

INSERT INTO `student_has_session` (`id`, `student_id`, `session_id`, `grade`) VALUES
(1, 1, 4, 30),
(2, 2, 5, 35),
(3, 3, 5, 32),
(4, 3, 6, 30),
(5, 1, 3, 34),
(6, 4, 8, 34),
(7, 4, 13, 36),
(8, 5, 15, 27),
(9, 7, 16, 39),
(10, 3, 15, 34),
(11, 6, 18, 36),
(12, 2, 8, 31),
(13, 1, 5, 37),
(14, 6, 12, 37),
(15, 3, 12, 39),
(16, 5, 19, 38),
(17, 3, 2, 30),
(18, 4, 12, 37),
(19, 6, 15, 35);

-- --------------------------------------------------------

--
-- Structure de la table `theme`
--

CREATE TABLE `theme` (
  `id` int(11) NOT NULL,
  `title` varchar(255) NOT NULL
) ENGINE=InnoDB DEFAULT CHARSET=utf8mb4;

--
-- Déchargement des données de la table `theme`
--

INSERT INTO `theme` (`id`, `title`) VALUES
(1, 'Lorem'),
(2, 'Ipsum'),
(3, 'Dolor'),
(4, 'Amet');

--
-- Index pour les tables déchargées
--

--
-- Index pour la table `answer`
--
ALTER TABLE `answer`
  ADD PRIMARY KEY (`id`),
  ADD KEY `question_id` (`question_id`);

--
-- Index pour la table `cd_rom`
--
ALTER TABLE `cd_rom`
  ADD PRIMARY KEY (`id`);

--
-- Index pour la table `examen`
--
ALTER TABLE `examen`
  ADD PRIMARY KEY (`id`);

--
-- Index pour la table `question`
--
ALTER TABLE `question`
  ADD PRIMARY KEY (`id`),
  ADD KEY `theme_id` (`theme_id`);

--
-- Index pour la table `question_has_serie`
--
ALTER TABLE `question_has_serie`
  ADD PRIMARY KEY (`id`),
  ADD KEY `question_id` (`question_id`),
  ADD KEY `serie_id` (`serie_id`);

--
-- Index pour la table `serie`
--
ALTER TABLE `serie`
  ADD PRIMARY KEY (`id`),
  ADD KEY `cd_rom_id` (`cd_rom_id`);

--
-- Index pour la table `session`
--
ALTER TABLE `session`
  ADD PRIMARY KEY (`id`),
  ADD KEY `serie_id` (`serie_id`);

--
-- Index pour la table `student`
--
ALTER TABLE `student`
  ADD PRIMARY KEY (`id`);

--
-- Index pour la table `student_has_exam`
--
ALTER TABLE `student_has_exam`
  ADD PRIMARY KEY (`id`),
  ADD KEY `student_id` (`student_id`),
  ADD KEY `examen_id` (`examen_id`);

--
-- Index pour la table `student_has_session`
--
ALTER TABLE `student_has_session`
  ADD PRIMARY KEY (`id`),
  ADD KEY `student_id` (`student_id`),
  ADD KEY `session_id` (`session_id`);

--
-- Index pour la table `theme`
--
ALTER TABLE `theme`
  ADD PRIMARY KEY (`id`);

--
-- AUTO_INCREMENT pour les tables déchargées
--

--
-- AUTO_INCREMENT pour la table `answer`
--
ALTER TABLE `answer`
  MODIFY `id` int(11) NOT NULL AUTO_INCREMENT, AUTO_INCREMENT=1281;

--
-- AUTO_INCREMENT pour la table `cd_rom`
--
ALTER TABLE `cd_rom`
  MODIFY `id` int(11) NOT NULL AUTO_INCREMENT, AUTO_INCREMENT=4;

--
-- AUTO_INCREMENT pour la table `examen`
--
ALTER TABLE `examen`
  MODIFY `id` int(11) NOT NULL AUTO_INCREMENT, AUTO_INCREMENT=11;

--
-- AUTO_INCREMENT pour la table `question`
--
ALTER TABLE `question`
  MODIFY `id` int(11) NOT NULL AUTO_INCREMENT, AUTO_INCREMENT=321;

--
-- AUTO_INCREMENT pour la table `question_has_serie`
--
ALTER TABLE `question_has_serie`
  MODIFY `id` int(11) NOT NULL AUTO_INCREMENT, AUTO_INCREMENT=921;

--
-- AUTO_INCREMENT pour la table `serie`
--
ALTER TABLE `serie`
  MODIFY `id` int(11) NOT NULL AUTO_INCREMENT, AUTO_INCREMENT=24;

--
-- AUTO_INCREMENT pour la table `session`
--
ALTER TABLE `session`
  MODIFY `id` int(11) NOT NULL AUTO_INCREMENT, AUTO_INCREMENT=24;

--
-- AUTO_INCREMENT pour la table `student`
--
ALTER TABLE `student`
  MODIFY `id` int(11) NOT NULL AUTO_INCREMENT, AUTO_INCREMENT=8;

--
-- AUTO_INCREMENT pour la table `student_has_exam`
--
ALTER TABLE `student_has_exam`
  MODIFY `id` int(11) NOT NULL AUTO_INCREMENT, AUTO_INCREMENT=11;

--
-- AUTO_INCREMENT pour la table `student_has_session`
--
ALTER TABLE `student_has_session`
  MODIFY `id` int(11) NOT NULL AUTO_INCREMENT, AUTO_INCREMENT=20;

--
-- AUTO_INCREMENT pour la table `theme`
--
ALTER TABLE `theme`
  MODIFY `id` int(11) NOT NULL AUTO_INCREMENT, AUTO_INCREMENT=5;
COMMIT;

/*!40101 SET CHARACTER_SET_CLIENT=@OLD_CHARACTER_SET_CLIENT */;
/*!40101 SET CHARACTER_SET_RESULTS=@OLD_CHARACTER_SET_RESULTS */;
/*!40101 SET COLLATION_CONNECTION=@OLD_COLLATION_CONNECTION */;
